{"208": ["ನಾವು ಹೆಚ್ಚು ಹೊರಗೆ ಹೋಗುವುದಿಲ್ಲ .", "ಹಮ್ ಭಾರ ಘಣ ಜಾಮಾನಿ .", "ಹಮ್ ಜಾಸ್ತ್ ಭಾರ ಜಾಮಾನಿ .\n", [5]], "336": ["ನೀವು ಎಲ್ಲಿ ವಾಸಿಸಲು ಹೋಗುತ್ತಿದ್ದೀರಿ ?", "ತಮ ಕತ್ ರೆನ ಜಾರೆಚೊ ?", "ತು ಕತ್ ರೇನ ಜಾರೋಚಿ ?\n", [4]], "91": ["ಇದು ಅದೇ ಅಲ್ಲ .", "ಈ ವೊರ್ ನಾಯಿ ಕಾವ .", "ಈ ಉಜ ಕಾವ .\n", [5]], "129": ["ಅವಳು ಸ್ವಂತವಾಗಿ ಬದುಕುತ್ತಾಳೆ .", "ವು ಎಕ್ಲಿ ರಚ .", "ವೊರ್ ಸ್ವಂತ್ ಬಚಚ .\n", [2]], "956": ["ಪ್ರಧಾನಿ ಮತ್ತು ರಾಷ್ಟ್ರಪತಿಗಳು ವ್ಯತಿರಿಕ್ತ ಅಭಿಪ್ರಾಯಗಳನ್ನು ಹೊಂದಿದ್ದಾರೆ .", "ಪ್ರಧಾನಮಂತ್ರಿ ಅನ ರಾಷ್ಟ್ರಪತಿರ ನಾಳಿ ನಾಳಿ ವಿಚಾರ್ ಚ .", "ಪ್ರಧಾನಿ ಅಜಿ ರಾಷ್ಟ್ರಪತಿವಾಳ್ ಅಭಿಪ್ರಾಯ ರಚ .\n", [1, 4]], "938": ["ಅವನ ಅದ್ಭುತ ಶಕ್ತಿಯನ್ನು ತಿಳಿದುಕೊಳ್ಳಲು ಅನೇಕ ಜನರು ತಮಾಷೆಗಳನ್ನು ಆಡಲು ಪ್ರಾರಂಭಿಸಿದರು .", "ವೋರ ಚಮತ್ಕಾರಿ ಶಕ್ತಿನೋ ಮಾಲಮ್ ಕರೆರ ವಾಸ ಘಣ ಮಾಣಸ್ ಮಜಾಕ್ ಕರೆ ಲಗೇ .", "ವು ವೋರ ಅದ್ಭುತ ಶಕ್ತಿ ಮಾಲಮ್ ವೇರ್ ವಾಸ ಕತ್ರಾಕೋ ಮಾಣಸ್ ಮಜಾಕೆನುನ ರಮ್ಮೆರ್ ಚಾಲು ಕಿದೆ .\n", [4]], "206": ["ನಮ್ಮದು ಚಿಕ್ಕ ಪಕ್ಷ .", "ಹಮಾರ್ ನಾಣಕಿ ಪಕ್ಷ ಛ .", "ಹಮಾರ್ ನಾಣಕ್ಯ ಪಕ್ಷ ಚ .\n", [4]], "395": ["ಯಾರಾದರೂ ಸಾಯುವದು ದುಃಖಕರ .", "ಕೊಯಿಕ್ ಮರ್ಮಲೆತೋ ದುಃಖ್ ವಚ್ .", "ಕೋಇತೊಯೀ ಮರೇರ್ ದುಃಖ ಛ .\n", [3]], "312": ["ಆದರೆ ಆಟದಲ್ಲಿ ಇತರ ಅಂಶಗಳಿವೆ .", "ಪಣ ರಮ್ಮೆರ್ ಮಾಯಿ ದಸೆಕ್ ಅಂಶ ಛ .", "ಪಣ ಆಟಾಮ ದುಸರ್ ಅಂಶ ಛ .\n", [4]], "321": ["ನಾನು ಅವರ ಮನೆಯಲ್ಲಿಯೇ ಇದ್ದೇನೆ .", "ಮ ವೊರ್ ಘರ್ ರೆರೋಚು .", "ಮ ವನೂರ್ ಘರ್ ಚು .\n", [4]], "150": ["ನೀವು ಬದಲಾವಣೆಗಳನ್ನು ತರಬಹುದು .", "ತಮ್ ಬದ್ಲಾವಣೆ ಲಾ ಸಕೋಚೊ .", "ತಮ್ ಬದಲಾವಣೆ ಲಾವೊಚೊ .\n", [5]], "17": ["ಮೂರನೇ ವರ್ಗವಿಲ್ಲ .", "ತಿನೇ ವರ್ಗ ಛೆನೀ .", "ತೀನ್ ನೆ ವರ್ಗ ಛೆನೀ .\n", [5, 5]], "949": ["ಮದುವೆಯ ನಂತರ ವಧು ಮತ್ತು ವರನಿಗೆ ಅರಿಶಿನ ಪುಡಿಯನ್ನು ಸಿಂಪಡಿಸಲಾಗುತ್ತದೆ .", "ವಾಯಾ ವೆಜಾವ ಜೇರ ಪಚ ಯೆತಡು ಅನ ನವಲೇರಿರ ಪರ ಹಳದ ಛಣಕಚ .", "ವಾಯಾರ್ ಲಾರ್ತಿ ನವಲೆರಿ ಹಳದ್ ದಚ .\n", [2]], "834": ["ಪೋಲಿಸರು ಆತನಿಗಾಗಿ ಹುಡುಕಾಡುತ್ತಿದ್ದಾರೆ .", "ಪೊಲೀಸ್ ಓನ್ ಧುನ್ಡರೆಚ .", "ಪೊಲೀಸ್ ವೊನ ಧುನ್ದೆಚ .\n", [5]], "28": ["ನಾನು ಚೆನ್ನಾಗಿ ಮಾತನಾಡುವುದಿಲ್ಲ .", "ಮ ಠೀಕ್ ವಾತೆ ಕರುನಿ .", "ಮ ಠೀಕ್ ವಾತೆ ಕರುನಿ .\n", [5]], "460": ["ತಕ್ಷಣ ಕಚೇರಿಗೆ ವರದಿ ಮಾಡಿ .", "ಝಲ್ದಿ ಆಫೀಸ್ ಮಾಯಿ ಕರೋ .", "ಝಲ್ದಿ ಆಫೀಸ್ ಕರೋ .\n", [4]], "109": ["ಚಿತ್ರದ ಕಥೆ .", "ಪಿಚ್ಚರೇರ್ ಸಾಕಿ ಚ .", "ಸಿನೇಮಾರ್ ಸಾಖಿ .\n", [5]], "470": ["ಪೋಲೀಸರನ್ನು ಕರೆ !", "ಪೊಲೀಸೆನ ಬಲಾವೋ .", "ಪೆನ್ ಕಾಂಯಿ ಫೋನ್ ಕರೋ .\n", [1]], "358": ["ನಾವು ಕೆಲವು ಉದಾಹರಣೆಗಳನ್ನು ನೋಡೋಣ .", "ಅಪಣ ದಸೆಕ್ ಉದಾಹರಣೆ ದೆಖಾ .", "ಆವೋ ದಸೆಕ್ ಉದಾಹರಣೆ ದೇಕಾ .\n", [5]], "427": ["ನಾವು ಕೆಲವೊಮ್ಮೆ ಕೆರೆಯಲ್ಲಿ ಈಜುತ್ತವೆ .", "ಹಮ್ ಏಕ ಏಕ್ ವಣಾ ತಳಾವೇಮ ಪೆರಾಚಾ .", "ಹಮ್ ಏಕ್ ಸಲಾ ಕಿಳಾವೇಮ ಪೆರಚ .\n", [4]], "662": ["ನಾವು ಬೇರೆಲ್ಲಿಯಾದರೂ ನೋಡೋಣವೇ ?", "ಅಪಣ ದುಸರ್ ಜಾಗ್ ಅಜಿ ದೆಕಾ ಕಾ೦ಯೀ ?", "ಹಮ್ ಅಗರ ತಮೇನ ದಿಟೋಕೋನಿ ಕ ?\n", [2]], "569": ["ನಗುತ್ತಿರುವ ಮುಖವನ್ನು ನೋಡಲು ನಾನು ಇಷ್ಟಪಡುತ್ತೇನೆ .", "ಹಾಸೆರೊ ಮುಂಡೊ ದೆಕೆನ ಘಣ ಇಷ್ಟಾವಚ್ .", "ಹಾಸರಿ ಜೋಣ ಮುಂಡೊ ದೇಖೇನ ಮನ್ ಪಸಂದ್ ಚ .\n", [4, 3]], "783": ["ಆರೋಗ್ಯ ಪರಿವರ್ತನೆಯು ಸಾಮಾಜಿಕ ಪ್ರಗತಿಯ ಕೇಂದ್ರ ಲಕ್ಷಣವಾಗಿರಬೇಕು .", "ಆರೋಗ್ಯ ಪರಿವರ್ತನೆ ಸಮಾಜೇರ ಪ್ರಗತಿರ ಕೇಂದ್ರ ಲಕ್ಷಣ ವೇಣು .", "ಆರೋಗ್ಯ ಪರಿವರ್ತನೆ ಸಾಮಾಜಿಕ ಪ್ರಗತಿರ ಕೇಂದ್ರ ರೇಣು .\n", [3]], "621": ["ನೀವು ಈ ಗ್ರಾಮದಲ್ಲಿ ಎಷ್ಟು ದಿನ ವಾಸಿಸುತ್ತಿದ್ದೀರಿ ?", "ತಮ್ ಈ ಹಳ್ಳಿಮಾಯಿ ಕತ್ರಾ ದಾಡ ರೊಚೊ .", "ತಮ್ ಈ ಹಳ್ಳಿಮಾಯಿ ಕತ್ರಾ ದಾಡ್ ರೊಚೊ ?\n", [5]], "430": ["ನಾನು ಪಕ್ಷಿಯನ್ನು ಸೆಳೆಯಲು ಸಾಧ್ಯವಿಲ್ಲ .", "ಮನ್ ಪಕ್ಷಿ ಮಾರ್ ಸಾಂವು ಆವ ಜಿಂವು ಕರೆರ ವೇನಿ .", "ಮನ್ ಪಕ್ಷಿನ್ ಸೆಮೇನ್ ಸಾಧ್ಯ ಛೆನೀ .\n", [4]], "974": ["ಅವರು ಕುಟುಂಬದ ಆರ್ಥಿಕ ಸದೃಢತೆಯ ಬಗ್ಗೆ ವಿವರಗಳನ್ನು ತಿಳಿದುಕೊಳ್ಳಲು ಬಯಸಿದ್ದರು .", "ವು ವೊ ಪರಿವಾರೇರ್ ಆರ್ಥಿಕ ಸ್ಥಿತಿರ್ ಬಗ್ಗೆ ಮಾಲಮ್ ವೇರ್ ಚಾವರೊತೊ .", "ವು ವೂನೂರ ಪರಿವಾರೇರ ಆರ್ಥಿಕ ಸೃಡತೆರ ಬಗ್ಗೆ ಮಾಲಮ್ ಕರೆರ್ ಚಾವರೊತೊ .\n", [2]], "435": ["ಅದೊಂದು ಖಾಲಿ ಪಾತ್ರೆಯಾಗಿತ್ತು .", "ಉ ಏಕ್ ಥಳ್ ಬಂಡೆ ಸಾಮಾನ್ ವೇತ್ತಿ .", "ಉ ಏಕ್ ಠಾಲ ಪಾತ್ರ ವೇತ್ತಿ .\n", [5]], "609": ["ಇವು ನನ್ನ ಪುಸ್ತಕಗಳು, ಇವು ನಿಮ್ಮವು .", "ಈ ಮಾರ್ ಪುಸ್ತಕ್ ಛ, ಈ ತಮಾರ್ ಛ .", "ಏ ಮಾರ್ ಪುಸ್ತಕ್ ಅನ್ ಏ ತಮಾರ್ ಛ .\n", [4]], "87": ["ಜೋರಾಗಿ ಮಳೆ ಸುರಿಯಿತು .", "ಪಾಣಿ ಜೋರ್ ಪಡೋ .", "ಜೋರ್ ಪಾಣಿ ಪಡಿಚ್ .\n", [4]], "16": ["ಇದನ್ನು ಎಲ್ಲರೂ ಪ್ರತಿಭಟಿಸಬೇಕು .", "ಏನ್ ಸೆ ಪ್ರತಿಭಟನೆ ಕರಣು .", "ಏನ್ ಸೆ ಪ್ರತಿಭಟನೆ ಕರಣು .\n", [4, 4]], "247": ["ಯಾವುದೂ ಅಷ್ಟು ಸರಳವಲ್ಲ .", "ಕುಣಶಿಭಿ ಅತರಾ ಸರಳ್ ಕಾವ .", "ಕುಣಶಿ ಅತರ ಸರಳ್ ಛೆನೀ .\n", [5]], "610": ["ಕಪ್ ಅನ್ನು ಮೇಜಿನಿಂದ ಸರಿಸಿ .", "ಕಪ್ಪೆನ್ ಟೇಬಲ್ ಪರ್ತಿ ಸರ್ಕಾವೊ .", "ಕಪ್ ಉಪ್ಪೇತಿ ಮೇಲೋ .\n", [4]], "408": ["ಐವತ್ತು ವರ್ಷಗಳಲ್ಲಿ ಇದೇ ಮೊದಲ ಬಾರಿ .", "ಪಚಾಸ್ ವರಸ್ ಮಾಯಿ ಈ ಮದಲ್ ಸಲಾ .", "ಪಚಾಸ್ ವರಸೆಮಾಯಿ ಈ ಮದಲ್ ಛ .\n", [5]], "65": ["ಮೂರು ಕ್ಷೇತ್ರಗಳಲ್ಲಿ .", "ತೀನ್ ಕ್ಷೇತ್ರೇಮ .", "ತೀನ್ ಕ್ಷೇತ್ರ ಮಾಯಿ .\n", [5]], "558": ["ಯಾವ ಸಂಸ್ಥೆಗಳು ದೇಶದಲ್ಲಿ ಪ್ರಸಿದ್ಧವಾಗಿವೆ ?", "ಕುಣಸ್ ಸಂಸ್ಥೆ ದೆಶೆಮಾಯಿ ಪ್ರಸಿದ್ಧ ಛ .", "ಕುಣಸ್ ಸಂಸ್ಥೆನೂರ ದೆಶೆಮ ಪ್ರಸಿದ್ಧ ಚ ?\n", [5]], "293": ["ನಂತರ ಪ್ರಶ್ನೆಗಳು ಪ್ರಾರಂಭವಾದವು .", "ಲಾರತಿ ಪ್ರಶ್ನೆ ಓ ಚಾಲು ವೆಗೆಚ್ .", "ಲಾರ್ತಿ ಪ್ರಶ್ನೆ ಶುರು ವೇ .\n", [5]], "414": ["ಮಳೆ ಬಂದರೆ ಒದ್ದೆಯಾಗುತ್ತೇವೆ .", "ಪಾಣಿ ಪಡೋಕತೋ ಭಿನ್ಜಾಮಾಚಾ .", "ಪಾಣಿ ಪಡೋಕತೋ ಭಿನ್ನ್ ವೇಮಾಚಾ .\n", [5, 5]], "583": ["ಅವನು ಒಬ್ಬಂಟಿ ಎಂದು ಜನರು ನಂಬುತ್ತಾರೆ .", "ವು ಎಕ್ಲೊ ಚ ಕೇನ ಲೋಗ ನಂಬಚ .", "ಉ ಎಕ್ಲೊ ಛ ಕರನ್ ಮಾಣಸ ನಂಬಚ್ .\n", [5]], "489": ["ನೀನು ಯಾಕೆ ಇಲ್ಲಿಗೆ ಬರುತ್ತಿದ್ದೀಯಾ ?", "ತಮ್ ಅತ ಕಾ ಆಮ್ಲೆಚೊ ?", "ತು ಅತ್ ಕಾ ಆರೋಚಿ ?\n", [5, 5]], "711": ["ಆದರೆ ಸಾಧ್ಯತೆ ಅಸಂಭವವೆಂದು ತೋರುತ್ತದೆ .", "ವೆರೋ ಅಸಂಭವ್ ಚ ಕೆನ್ ಅನಸಾರಿಚ .", "ಪಣ ಸಾಧ್ಯತೆ ವೆನಿ ಕರನ್ ಮಾಲಮ್ ವಚ .\n", [4]], "207": ["ಮರಗಳನ್ನು ಕತ್ತರಿಸಲಾಗಿತ್ತು .", "ಝಾಡೇವನುನ್ ಕಾಟನಾಕೇಚ .", "ಝಾಡ ಕಾಟಮಲೆತೆ .\n", [5]], "936": ["ಥಾಮ್ಸನ್ ಪ್ರಕಾರ ಈ ವರ್ಗದ ಕಥೆಗಳು ಸಾಂಪ್ರದಾಯಿಕ ಜಾನಪದ ಸಾಹಿತ್ಯದಲ್ಲಿ ಜನಪ್ರಿಯವಾಗಿಲ್ಲ .", "ಥಾಮ್ಸನೇರ ಪ್ರಕಾರ ಏ ವರ್ಗೆರ ಸಾಕಿನೊ ಸಾಂಪ್ರದಾಯಿಕ್ ಜನಪ್ರಿಯ ಸಾಹಿತ್ಯ ಮ ಜನಪ್ರಿಯ ಛೆನಿ .", "ಥಾಮ್ಸನೇರ ಪ್ರಕಾರ ಏ ವರ್ಗೆರ ಸಾಕಿನುನ ಸಾಂಪ್ರದಾಯಿಕ ಜಾನಪದ ಸಾಹಿತ್ಯ ಮ ಜನಪ್ರಿಯ ಛೆನಿ .\n", [4]], "168": ["ಕೊನೆಗೂ ರೈಲು ಬಂದಿದೆ .", "ಕಡಿಕ್ ಭೀ ರೈಲ್ ಡಿಗಯಾಯಿಚ್ .", "ಕಡಿಕ್ ಭೀ ರೈಲ್ವೆ ಆಯಿಚ .\n", [5]], "382": ["ದೇವರು ಪ್ರಾರ್ಥನೆಗಳಿಗೆ ಉತ್ತರಿಸುತ್ತಾನೆ .", "ಭಗವಾನ್ ಪ್ರಾರ್ಥನೆನ್ ಉತ್ತರಾ ದಚ .", "ಭಗವಾನ್ ಪ್ರಾರ್ಥನೆರ ಉತ್ತರ ದಚ .\n", [5, 5]], "245": ["ಅವನು ಅದನ್ನು ಸಂಪೂರ್ಣವಾಗಿ ಕಳೆದುಕೊಂಡಿದ್ದಾನೆ .", "ವು ವೊನ ಪೂರಾ ಗಮಾಲಿದೋಚ .", "ಉ ಓನ್ ಪೂರ್ತಿ ಗಮಾಲಿದೊಚ .\n", [4]], "56": ["ಜನ ಸಿನಿಮಾ ನೋಡುತ್ತಿದ್ದಾರೆ .", "ಲೋಕ್ ಸಿನೆಮಾ ದೇಕರೆಚ .", "ಸಿನೆಮಾ ದೇಕರೆಚ .\n", [4]], "775": ["ಅವನು ತನ್ನ ಎಲ್ಲಾ ಸಹೋದ್ಯೋಗಿಗಳಿಗಿಂತ ಜೂನಿಯರ್ .", "ವು ವೊರ್ ಜೋಡಿ ಕಾಮ್ ಕರೆವಾಳ್ ಸೇತಿ ನಾಣಕ್ಯ ಚ .", "ವು ವೋರ ಸೆ ಉದ್ಯೋದ್ಯೋದ್ಯೆತಿ ಜಾಸ್ತ್ ಜಿನಿಯರ್ ಚ .\n", [3]], "950": ["ನಾನು ನನ್ನ ಬ್ಯಾಗ್ ಅನ್ನು ನನ್ನ ಕಛೇರಿಯಲ್ಲಿ ಇಟ್ಟೆ .", "ಮ ಮಾರ್ ಬ್ಯಾಗ್ ಆಫೀಸೆಮ ಛೋಡಮಲೋಚು .", "ಮ ಮಾರ್ ಬ್ಯಾಗ್ ಮಾರ ಛಿ ಮಾಯಿ ಮೇಲೋ .\n", [5]], "269": ["ನೀವು ಯಾವಾಗ ಮರುಪಾವತಿ ಮಾಡುತ್ತೀರಿ ?", "ತು ಹೋಟೊ ಕನ್ನಾ ಭರೇಚಿ ?", "ತು ಕನ್ನಾ ಮರುಪಾವತಿ ಕರೆಚಿ ?\n", [4]], "477": ["ಇದರಲ್ಲಿ ಧರ್ಮವನ್ನು ತರಬೇಡಿ .", "ಏಮಾಯಿ ಧರ್ಮ ಲಾವೊಮತ್ .", "ವೊಮ ಧರ್ಮ ಲಾವೊಮತ್ .\n", [5]], "51": ["ಇದನ್ನು ನಂಬಲು ಸಾಧ್ಯವಿಲ್ಲ .", "ಏನ್ ನಂಬೆನ್ ಸಾಧ್ಯ ಚೇಯಿ .", "ಏನ್ ನಂಬೆನ್ ಸಾಧ್ಯ ಛೆನೀ .\n", [4, 5]], "839": ["ಲೆಮನ್ ರೈಸ್ ಮಾಡಲು ಯಾವ ಪದಾರ್ಥಗಳು ಬೇಕಾಗುತ್ತವೆ ?", "ಲೇಮನ್ ರೈಸ್ ಕರೆನ್ ಕಾಂಯಿ ಕಾಂಯಿ ಚಾವಚ ?", "ಲೆಮಾರ್ ರೈಸ್ ಕರೆನ್ ಕುಣಸ್ ಪದಾರ್ಥ ಚಾಯೆ ?\n", [4, 3]], "424": ["ಮಳೆ ಬಂದಾಗ ನಾನು ನೃತ್ಯ ಮಾಡಲು ಇಷ್ಟಪಡುತ್ತೇನೆ .", "ಪಾಣಿ ಪಡ ಜನಾ ಮನ್ ನಾಚೆರೋ ಪಸಂದ್ ಚ .", "ಪಾಣಿ ಪಡೋಜನಾ ಮನ್ ನಾಚೆರ್ ಪಸಂದ್ ಚ .\n", [5]], "911": ["ಹೆಂಗಸರು ನೃತ್ಯ ಹಾಡುತ್ತಾರೆ ಮತ್ತು ಪುರುಷರನ್ನು ತಮ್ಮ ಬೆತ್ತಗಳನ್ನು ಎಚ್ಚರಿಕೆಯಿಂದ ಗುರಿಯಿಟ್ಟು ಹೊಡೆಯುತ್ತಾರೆ .", "ಬಾಯಿಗೋಳೇ ನಾಚಚ ಗಿದಗಾವಚ ಅನ ಮಾಟಿನುನ ವೂನೂರ ಲಕಡಿತಿ ಮಾರಚ .", "ಬಾಯಿಗೋಳೆ ನಾಚೇನುನ ನಾಚಚ ಅನ ಮಾಟಿನುನ ವೂನೂರ್ ಗುರಿ ನ ಮಾರಚ .\n", [4]], "745": ["ಮನೆಯಲ್ಲಿ ನಿಮ್ಮನ್ನು ಕ್ವಾರಂಟೈನ್ ಮಾಡುವುದು ಹೇಗೆ ?", "ಘರೆಮ್ ತಾರ್ಮೂನ್ ತು ಕ್ವಾರಂಟೈನ್ ಕು ಕರೆಚಿ .", "ಘರೆಮ್ ತಮೆನ್ ಕ್ವಾರಂಟನ್ ಕು ಕರೆರೋ ?\n", [4]], "487": ["ದಯವಿಟ್ಟು ನೀವು ಅದನ್ನು ಪುನರಾವರ್ತಿಸಬಹುದೇ ?", "ಕೃಪಯಾ ಅಜಿ ವಾಪಸ್ ಕೊಚೊ ಕ ?", "ಕೃಪಯಾ ತಮ್ ವೊನ ಅಜಿ ಏಕ್ ಸಲಾ ಕೇಚಿ ಕ ?\n", [4]], "223": ["ಕಾನು ಈಗ ಎಲ್ಲಿದ್ದಾನೆ ?", "ಕಾನು ಅಬ್ಬೆ ಕತ್ ಛ ?", "ಕಾನು ಅಬ್ಬೆ ಕತ್ ಛ ?\n", [5]], "970": ["ಈ ಕೆಲವು ಸಂದರ್ಭಗಳಲ್ಲಿ ಹುಡುಗರು ಮದುವೆಗಾಗಿ ತಮ್ಮ ಪೋಷಕರಿಂದ ದೂರವಾಗುತ್ತಾರೆ .", "ಏಕ್ ಏಕ್ ವಣಾ ಛಿಜ್ಯಾಪರ್ ವಾಯಾರ್ ವಾಸ್ ಮಾ ಬಾಪೇತಿ ದೂರ್ ವಚ .", "ಏಕ್ ಏಕ್ ವಣಾ ಛಿಜ್ಯಪರ್ ವಾಯಾ ಕರೆರ ವಾಸ ವೊರ್ ಮಾ ಬಾಪೇತಿ ಘಣ್ ದೂರ್ ವಚ .\n", [4]], "927": ["ತೋಳುಗಳನ್ನು ಇತರ ಅಸಭ್ಯ ವಸ್ತುಗಳಿಂದ ಮಾಡಿದ ಉಂಗುರಗಳಿಂದ ಹೇರಳವಾಗಿ ಮುಚ್ಚಲಾಗುತ್ತದೆ .", "ತೋಳ್ ಪಿತಳೆತಿ ಕರಮಲ ಜೆ ಚೂಡಿತಿ ಢಾಕ್ ಮಲಚ .", "ತೋಳ್ ದೂಸರ್ ಅಸಭ್ಯ ವಸ್ತುತಿ ಕರಮಲ ಜೆ ಚೂಡಿತಿ ಢಾಕ್ ಮಲಚ .\n", [5, 3]], "178": ["ದಯವಿಟ್ಟು ಹೆಚ್ಚು ನಿಧಾನವಾಗಿ ಮಾತನಾಡಿ .", "ಕೃಪಯಾ ಅಜಿ ಸಾವಕಾಶ್ ವಾತೆ ಕರೋ .", "ಕೃಪಯಾ ಜಾಸ್ತ್ ಸಾವಕಾಶ್ ವಾತೆ ಕರೋ .\n", [5]], "130": ["ಅವರು ಸತ್ಯವನ್ನೇ ಮಾತನಾಡಬೇಕು .", "ವೊ ಖರೆ ಕೇಣು .", "ಓ ಖರೆ ವಾತೆ ಕರಣು .\n", [5, 4]], "307": ["ಇದೊಂದು ದೊಡ್ಡ ಅನಾಹುತ .", "ಈ ಏಕ್ ಮೋಟೋ ಅನಾಹುತ ಛ .", "ಈ ಏಕ್ ಮೋಟೋ ಅನಾಹುತ ಛ .\n", [5]], "589": ["ಸಾಮಾಜಿಕ ಅಂತರ ಕಾಯ್ದುಕೊಳ್ಳುವುದು ಮುಖ್ಯ .", "ಸೇತಿ ದಸೆಕ್ ಅಂತರ್ ರಕಾಡನು .", "ಸಾಮಾಜಿಕ್ ಅಂತರ್ ವನೂರ್ ವಾಟ್ ದೆರೋ ಮುಖ್ಯ ಛ .\n", [4]], "483": ["ಅವರು ಹಲವಾರು ಪ್ರಶಸ್ತಿಗಳನ್ನು ಗೆದ್ದಿದ್ದಾರೆ .", "ಓ ಘಣ ಪ್ರಶಸ್ತಿ ಗೆದ್ದ ಮಲೇಚ .", "ವು ಘಣ್ ಪ್ರಶಸ್ತಿ ಜೀತೋಚ .\n", [5]], "445": ["ನೀನು ನನ್ನ ಮಾತು ಕೇಳಲಿಲ್ಲವೇ ?", "ತು ಮಾರ್ ವಾತೇ ಸಾಂಬಳಿ ಕೋನಿ ಕಾ೦ಯೀ .", "ತು ಮಾರ್ ವಾತೆ ಸಾಮಳೋಕೋನಿ ಕ ?\n", [5]], "634": ["ನಾನು ನಿಮ್ಮ ಉಪಕರಣಗಳೊಂದಿಗೆ ಆಟವಾಡಿದೆ .", "ಮ ತಾರ ಸೇಮಾನು ತಿ ರಮ್ಮೋ .", "ಮ ತಮಾರ್ ಉಪಕರಣ ವನುತಿ ಆಟಾ ರಮ್ ಮಲಿಚ್ .\n", [5]], "694": ["ನಮ್ಮ ಯೋಜನೆಗೆ ಮೂವತ್ತು ಕೋಟಿ ರೂಪಾಯಿ ಘೋಷಣೆ ಮಾಡಲಾಗಿದೆ .", "ಹಮಾರ್ ಯೋಜನೆನ್ ತೀನ್ ಕೋಟಿ ರಪ್ಯಾ ಮಂಜೂರ್ ಕಿದೆಚ್ .", "ಅಪಣ ಯೋಜನೆರ ತೀಸ್ ಕರೋಡ್ ರಪಿಯಾ ಘೋಷಣೆ ಕರಮಲೆಚ .\n", [5]], "902": ["ಬಾಹ್ಯ ಬಳಕೆಗೆ ಉದ್ದೇಶಿಸಲಾದ ಈ ಶೀತ ಮುಲಾಮುಗಳನ್ನು ಕೆಲವೊಮ್ಮೆ ಬೀಟಲ್ ಎಲೆಗಳೊಂದಿಗೆ ನುಂಗಲಾಗುತ್ತದೆ .", "ಭಾರ್ ಲಗಾಡೆರ್ ವಾಸ್ ಛ ಜೋಣ ಯೇ ಶೀಳ ಬಾಮ್ ಏಕ್ ಏಕ್ ವಣಾ ಪಾನೇರ್ ಜೋಡಿ ಖಾವಚ .", "ಭಾರ್ ಲಗಾಡೆರ್ ವಾಸ್ ಛ ಜೋಣ ಯೇ ಶೀಳ ಬಾಮ್ ಏಕ್ ಏಕ್ ವಣಾ ಪಾನ್ ಸಪಾರಿರ್ ಜೋಡಿ ಖಾವಚ .\n", [3]], "925": ["ಅಂತಿಮವಾಗಿ ಶಿವನ ಪೂಜೆಯನ್ನು ನೆರವೇರಿಸಿದ ನಂತರ ಅವರಿಗೆ ಸಂತಾನ ಪ್ರಾಪ್ತಿಯಾಯಿತು .", "ಅಂತೆಮ ಭಗವಾನ ಶಿವಾ ರ ಪೂಜಾ ಕಿದೆ ಜೇರ ಪಚ ಏಕ ಬೇಟಾ ಮಳೋ .", "ಅಂತೆಮ ಶಿವರೇರ ಪೂಜಾ ಕರಚ ಜೇರ ಪಚ ವೂನುನ ಸಂತೇರ ಗುಪ್ತ ವಿ .\n", [1]], "404": ["ಸಮಯ ಕಳೆದುಹೋದ ಸಮಯ ಕಳೆದುಹೋಗಿದೆ .", "ಟೈಮ್ ಪಾಸ್ ಕರೆರೋ ಟೈಮ್ ಗಮಾವ ಜು .", "ಟೈಮ್ ಗಮಾಗಿಚ್ .\n", [1]], "143": ["ತನಿಖೆ ನಡೆಯುತ್ತಿದೆ ಎಂದು ಅವರು ಹೇಳಿದರು .", "ತನಿಖೆ ಚಾಲ್ರಿಚ ಕರನ್ ಓ ಕೇಚ .", "ತನಿಖೆ ಚಾಲರಿಚ್ ಕರನ್ ಓ ಕೆರೆತೆ .\n", [5]], "815": ["ಗೊರ್ ಪಂಚಾಯತ್ ನಲ್ಲಿ ಗಾದೆಗಳಿಗೆ ವಿಶಿಷ್ಟ ಸ್ಥಾನವಿದೆ .", "ಗೋರ್ ಪಂಚಾಯೆತೆಮ ನೀತಿವಚನೇರ ಅಲಗ ಸ್ಥಾನ ಚ .", "ಗೊಯರ್ ಪಂಚಾಯತ್ ಮಾಯಿ ಗಾಡಿ ವನುನ್ ವಿಶಿಷ್ಟ ಸ್ಥಾನ ಛ .\n", [5]], "846": ["ಅವನು ಬೇವಿನ ಸೊಪ್ಪಿನ ಹಾಸಿಗೆಯ ಮೂಲಕ ಪ್ರವೇಶಿಸಿದನು .", "ಉ ಲಿಂಬೆರ್ ಪಾಲೇರ್ ಹಾಸ್ಕಿ ತಿ ಮಾಯಿ ಆಯೋ .", "ವು ಏಕ್ ನೀಮೆರ ಪಾಲೇರ್ ಹಾಸ್ಗಿ ಮಾಯಿನ ಗೆ .\n", [5]], "619": ["ಜನಪದ ಕಥೆಗಳ ಬಗ್ಗೆ ಆಸಕ್ತಿ ಕಡಿಮೆಯಾಗಿದೆ .", "ಜಾನಪದ ಸಾಕಿನೂರ ಬಗ್ಗೆ ಆಸಕ್ತಿ ಕಮ ವೇಗಿಚ .", "ಜಾನಪದ ಸಾಕಿನೂರ ಬಗ್ಗೆ ಆಸಕ್ತಿ ಕಮ ಚ .\n", [5]], "357": ["ಇನ್ನೊಂದು ಬದಿಯನ್ನು ಸರಿಯಾಗಿ ಬೇಯಿಸಬೇಕು .", "ದೂಸರ್ ವಡಿ ಭೀ ಠೀಕ್ ಸೇಕಚ .", "ಅಜಿ ಏಕ್ ವಡಿ ಠೀಕ್ ಸಿಜಾಡನು .\n", [5, 5]], "673": ["ಹದಿನಾರು ವಿದ್ಯಾರ್ಥಿಗಳಿಗೆ ಬಹುಮಾನ ವಿತರಿಸಲಾಯಿತು .", "ಸೊಳಾ ವಿದ್ಯಾರ್ಥಿ ವನುನ್ ಬಹುಮಾನ ದಿನೇಚ .", "ಸೋಳಹ ಸೆ ವಿದ್ಯಾರ್ಥಿವನುನ್ ಬಹುಮಾನ ದಿನೆಚ್ .\n", [5]], "983": ["ಆದಾಗ್ಯೂ, ಆದರ್ಶ ಮತ್ತು ನೈಜತೆಯ ನಡುವೆ ಯಾವಾಗಲೂ ದೊಡ್ಡ ಅಂತರವಿರುತ್ತದೆ .", "ಅತೋ ಬಿ ಆದರ್ಶ ಅನ ವಾಸ್ತವಿಕತಾಮ್ ಕನ್ನಾಯಿಬಿ ಘಣ ಅಂತರ್ ರಚ .", "ಕಾಕೋ ಆದರ್ಶ ಅನ್ ನೈಜೆರ್ ನಡು ಕನ್ನಾಯಿಭಿ ಮೋಟ್ ರಚ .\n", [5]], "932": ["ದೇಹವನ್ನು ದಪ್ಪ ಹೊದಿಕೆಯಿಂದ ಮುಚ್ಚುವ ಮೂಲಕ ಶೀತವನ್ನು ಸಹ ಗುಣಪಡಿಸಬಹುದು .", "ಶರೀರೇನ ಜಾಡ ಚಾದರೇತಿ ಬುರನ್ ಬಿ ಸಳಕಮ್ ಕಮ್ ವಚ .", "ಹೆಣಾನ ಘಪ್ಪ ಮಾಯಿತಿ ಶಿಕಜೋಣ ಕಮ್ ವಚ .\n", [4]], "731": ["ಇದನ್ನು ಜಂಟಿಯಾಗಿ ನಿಭಾಯಿಸುವ ಅಗತ್ಯವಿದೆ .", "ಯೇನ ಭಳನ್ ನಿಪಟಾಯೆರ್ ಜರೂರತ್ ಚ .", "ಏನ್ ಇಂಟನ್ ನಿಭಾಯಿಸೆನ್ ಅವಶ್ಯಕತೆ ಛ .\n", [1]], "429": ["ಅವರು ದಯೆಯ ಹೃದಯವನ್ನು ಹೊಂದಿದ್ದಾರೆ .", "ವೊರ್ ಹೃದಯ ದಯಾಳು ಚ .", "ವೊರ್ ದಯೇರ್ ಮನಸ್ ಚ .\n", [5]], "47": ["ಅದು ನಿಮ್ಮ ಹಾಗಿದೆ .", "ಈ ತಮಾರ್ನಾಯಿಚ .", "ವು ತಾರ ಹರಾಜ್ ಚ .\n", [1]], "669": ["ಪ್ರತಿಭಟನಾಕಾರರು ಕೆಲಕಾಲ ರಸ್ತೆ ತಡೆ ನಡೆಸಿದರು .", "ಪ್ರತಿಭಟನೆ ಕರೆವಾಳ್ ರೋಡ್ ತಡೆ ಕಿದೆಚ .", "ಪ್ರತಿಭಟನಾಕಾರನೋ ದಸೆಕ್ ವಾಟ್ ಥಾಮೆ .\n", [3]], "713": ["ಅಧ್ಯಕ್ಷರ ಜತೆ ಸಭೆ ನಡೆಸಿದ್ದೇನೆ .", "ಅಧ್ಯಕ್ಷರೇ ವನು ಜೋಡಿ ಸಭೆ ಚಲಾಯೆಚು .", "ರಾಷ್ಟ್ರಪೇರ್ ಲಡಾಯಿ ಏಕ್ ಮೀಟಿಂಗೇಮ್ ಚು .\n", [1]], "667": ["ಈತ ಇಬ್ಬರಲ್ಲಿ ಅತಿ ಎತ್ತರದವನು .", "ವು ದೊಯೀಮ ಸೆತ್ತಿ ಲಾಂಬೊ ಚ .", "ವು ಏಕೇನ ಏಕ್ ಲಾಂಬೊ ಚ .\n", [2]], "134": ["ಈ ಬಾರಿ ಊಟ ಚೆನ್ನಾಗಿತ್ತು .", "ಅಬ್ಬೆಸಲಾ ಊಟ ಠೀಕ್ ವೇತ್ತಿ .", "ಅಬ್ಬೆರ್ ಸಲಾ ಬಾಟಿ ಠೀಕ್ ವೇತ್ತಿ .\n", [4]], "21": ["ನಾನು ವೈದ್ಯನಾಗಬಹುದೇ ?", "ಮ ಡಾಕ್ಟರ್ ವು ಕಾ೦ಯೀ ?", "ಮ ಡಾಕ್ಟರ್ ವೇಣು ಕ ?\n", [5]], "403": ["ಅವರು ವೀರರಂತೆ ಹೋರಾಡಿದರು .", "ಓ ಶಕ್ತಿಶಾಲಿನಾಯಿ ಲಡಾಯಿ ಕಿದೆಚ್ .", "ಓ ವೀರ ನಾಯಿ ಹೋರಾಟ ಕಿದೆಚ್ .\n", [4]], "278": ["ಹಾಗಾಗಿ ಬೆಲೆಗಳು ಏರಿದ್ದವು .", "ಜನಾಜ್ ಕಿಮತೆ ಜಾಸ್ತ್ ವೇಮಲಿತಿ .", "ಜೇರ್ಸಾರು ಕಿಮತೆ ಜಾಸ್ತಿ ವೇತ್ತಿ .\n", [3, 5]], "796": ["ಬಹುಪಾಲು ಜನರು ಒಣ ಭೂಮಿಯನ್ನು ಕೃಷಿಯಲ್ಲಿ ತೊಡಗಿಸಿಕೊಂಡಿದ್ದಾರೆ .", "ಜಾಸ್ತಿ ಮಾಣಸ ಸುಖ್ ಜಮೀ ಮಾಯಿ ಪೀಕ್ ಕಾಡಚ .", "ಜಾಸ್ತ್ ಮಾಣಸ್ ಸುಕಾಯೆನ್ ಖೇತೆಮ ಕಾಮ್ ಕರಚ .\n", [2]], "683": ["ಅವರು ಅನೇಕ ವರ್ಷಗಳ ಕಾಲ ಬುದ್ಧಿವಂತಿಕೆಯಿಂದ ಆಳಿದರು .", "ವು ಕತ್ರಾಕೋ ವರ್ಷ ಬುದ್ಧಿವಂತಿಕೇತಿ ಆಡಳಿತ ಕಿದೋ .", "ವು ಘಣ್ ವರ್ಸೆರ ಬುದ್ಧಿವಂತಿಕೆ .\n", [1]], "417": ["ನಾನು ನಿನ್ನ ಬಗ್ಗೆ ಹುಚ್ಚನಾಗಿದ್ದೇನೆ .", "ಮ ತಾರ್ ವಾಸ್ ವೆಂಡೋ ಚು .", "ಮ ತಾರ್ ವಾಸ್ ವೆಂಡೋ ಚು .\n", [5]], "83": ["ಕೇಳಲು ಪರವಾಗಿಲ್ಲ .", "ಸಾಮಳೆನ್ ಠೀಕ್ ಚ .", "ಸಾಮಳೆನ್ ಕಾಂಯಿ ಚಾಲಚ .\n", [4, 5]], "419": ["ಎಲ್ಲಿಗೆ ಹೋದರೂ ಕೇಳುವುದು ಒಂದೇ ಕಥೆ .", "ಕತ್ತಿಭಿ ಜಾವತೊಭಿ ಸಾಮಳೆರೋ ಎಕ್ಕಜ ಸಾಖಿ .", "ಕತ್ತ್ ಗೆತೊಭಿ ಸಾಖಿ ಏಕ್ ಸಾಖಿ .\n", [3]], "69": ["ಇಲ್ಲದಿದ್ದರೆ ಬೀಳುತ್ತದೆ .", "ನಿಕಾಣಿ ವು ಪಡಚ .", "ನಿಕಾಣಿ ಪಡಚ್ .\n", [3]], "378": ["ಲಕ್ಷ ಮಂದಿ ನಿರಾಶ್ರಿತರಾದರು .", "ಲಾಖೋ ಬೆಘರ್ ವೇಗೆ .", "ಲಾಖ್ ಮಾಣಸ್ ಶ್ರ್ರಿತ ವೇ .\n", [2]], "193": ["ಇಲ್ಲಿ ಭಾರೀ ಮಳೆಯಾಗುತ್ತದೆ .", "ಅತ್ ಜೋರ್ ಪಾಣಿ ಪಡಚ .", "ಅತ್ ಪಾಣಿ ಘಣೊ ಜೋರ್ ಪಡಚ .\n", [5]], "529": ["ಅವರು ಏನು ಮಾಡಿದ್ದಾರೆಂದು ಊಹಿಸಿ ?", "ವೊ ಕಾಂಯಿ ಕಿದೆ ವಿಚಾರ್ ಕರ್ .", "ವೊ ಕಾಂಯಿ ಕಿದೇಚ ಕೇನ ಅಂದಾಜಾ ?\n", [4]], "674": ["ನೀವು ಯಾವುದನ್ನೂ ಕ್ರಮಭದ್ದವಾಗಿ ಇಟ್ಟಿಲ್ಲ .", "ತು ಕಾಂಯಿ ಠೀಕ್ ಮೇಲೊಕೊಂತಿ .", "ತಮ್ ಕಾ೦ಯೀ ಕ್ರಮ ಲೆಣು .\n", [2]], "191": ["ಅವರು ಅದರ ಬಗ್ಗೆ ಚಿಂತಿಸುವುದಿಲ್ಲ .", "ವೊ ವೊರ್ ಬಗ್ಗೆ ಚಿಂತ್ಯಾ ಕರೆನಿ .", "ವೊ ವೊರ್ ಬಗ್ಗೆ ಚಿಂತ್ಯಾ ಕರೆನಿ .\n", [5]], "249": ["ಬರುತ್ತೇನೆ ಎಂದು ಉತ್ತರಿಸಿದರು .", "ಆವುಚು ಕರನ್ ಉತ್ತರಾ ದಿನೇಚ .", "ಮ ಆವುಚು ಕರನ್ ಉತ್ತರಾ ದೂಚು .\n", [5]], "894": ["ಓಗ್ರೆ ಈ ವರ್ಗದ ಕಥೆಗಳನ್ನು ಹಂಚಿಕೊಳ್ಳುತ್ತಾರೆ .", "ರಾಕ್ಷಸ ಏ ವರ್ಗೆರ ಸಾಕಿನುನ ಸೇನ ಕಚ .", "ರಾಕ್ಷಸ ಏ ವರ್ಗೆರ ಸಾಕಿನ ಸೇನ ಕಚ .\n", [2]], "423": ["ನಿಮ್ಮ ಕೆಲಸವನ್ನು ತುಂಬಾ ಹತ್ತಿರದಿಂದ ಕೂಡಿಸಬೇಡಿ .", "ತಮಾರ್ ಸೆ ಕಾಮ್ ಏಕ್ ಜಾಗ್ ಭೇಳೋಮತ್ .", "ತಮಾರ್ ಕಾಮ್ ಘಣ್ ಕನ್ನೆತಿ ಭಳೋಮತ್ .\n", [4, 4]], "285": ["ನಾನು ನನ್ನ ದೇಶವನ್ನು ಪ್ರೀತಿಸುತ್ತೇನೆ .", "ಮ ಮಾರ ದೇಶೇತಿ ಪ್ರೇಮ್ ಕರುಚು .", "ಮ ಮಾರ್ ದೆಶೆನ್ ಪ್ರೀತಿ ಕರುಚು .\n", [5]], "438": ["ನನ್ನ ತಂಗಿ ಓಡುವುದನ್ನು ಇಷ್ಟಪಡುತ್ತಾಳೆ .", "ಮಾರ ಭೇನೆನ ಧಾಸೆರೊ ಪಸಂದ್ ಚ .", "ಮಾರ ಭೇನ ಧಾಸೆರ್ ಪಸಂದ್ ಚ .\n", [3]], "568": ["ನನ್ನ ಪೋಷಕರು ನನ್ನನ್ನು ಮನೆಯಲ್ಲಿಯೇ ಇರುವಂತೆ ಮಾಡಿದರು .", "ಮಾರ ಮಾ ಬಾಪ ಮನ ಘರೇಮ ರಜಿಂವ ಕಿದೆ .", "ಮಾರ್ ಮಾ ಬಾಪ್ ಮನ್ ಘರೇಮಾಯಿ ರೇಣು ಕರನ್ ಕಿದೆ .\n", [5]], "450": ["ಕಾರಿನಲ್ಲಿ ಎರಡು ಗಂಟೆ ತೆಗೆದುಕೊಳ್ಳುತ್ತದೆ .", "ಕಾರೆಮ್ ದಿ ತಾಸ್ ಲಚ .", "ಕಾರ್ ಮಾಯಿ ದಿ ತಾಸ್ ಲಚ .\n", [5]], "534": ["ನನ್ನ ಕಿವಿಗಳು ಕೆಂಪಾಗಿವೆಯೇ ?", "ಮಾರ್ ಕಾನ್ ರಾತಡ್ ವೆರೆಚ್ ಕ ?", "ಮಾರ್ ಕಾನ್ ರಾತಡೋಚ ಕಾಯಿ ?\n", [5, 5]], "266": ["ನಾನು ಹೊರಗೆ ಹೋಗಿ ಆಟವಾಡಬಹುದೇ ?", "ಮ ಭಾರ್ ಜಾನ್ ರಮ್ ಸಕುಚು .", "ಮ ಭಾರ್ ಜಾನ್ ರಮ್ಮ್ ?\n", [4]], "540": ["ನಾನು ನನ್ನ ಬೂಟುಗಳನ್ನು ಎಸೆದೆ .", "ಮ ಮಾರ್ ಬುಟೇನ ಫೆಕಾಯೋ .", "ಮ ಮಾರ ಬೂಟ್ ಕಾಡೋ .\n", [3]], "537": ["ಇದು ಗೋವಾಕ್ಕೆ ದೀರ್ಘ ಪ್ರವಾಸವಾಗಿದೆ .", "ಈ ಗೋವಾನ ಮೋಟೋ ಪ್ರವಾಸ ಛ .", "ಇ ಗೋವಾನ ಘಣ್ ಪ್ರವಾಸಿ ಚ .\n", [4]], "260": ["ಅವನು ತನ್ನ ತಪ್ಪನ್ನು ಒಪ್ಪಿಕೊಂಡನು .", "ಉ ಓರ್ ತಪ್ಪ್ ಒಪ್ಪಕೊಲಿದೊಚ್ .", "ಉ ಓರ್ ತಪ್ಪ್ ಒಪ್ಪೋ .\n", [5]], "43": ["ಹೊಸ ರಾಜನಿಲ್ಲ .", "ರಾಜಾನ ಮ ಕ ಜಕೋಣ ಛೆನಿ .", "ನವವೋ ರಾಜಿ ಕಾವ .\n", [2]], "391": ["ಅವರು ಮಾಂತ್ರಿಕರನ್ನು ಆರಾಧಿಸುತ್ತಾರೆ .", "ವೊ ಜಾದುಗಾರೇನೂರ ಪೂಜಾ ಕರಚ .", "ವೊ ಮಾಂತ್ರಿಕೆನುನ ಆರಾಧನೆ ಕರಚ .\n", [5]], "476": ["ಅವನು ಒಬ್ಬ ವ್ಯಕ್ತಿಯ ರತ್ನ .", "ವು ಮಾಣಸ್ ಏಕ್ ರತ್ನ ಚ .", "ವು ಏಕ್ ಮಾಣಸೇರ್ ರತ್ವ ಚ .\n", [4]], "561": ["ರಾಮ ಹಿಂದೂಗಳು ಅತ್ಯಂತ ಪೂಜ್ಯ ದೇವರು .", "ರಾಮ್ ಹಿಂದೂ ವನೂರ್ ಪೂಜ್ಯ ದೇವ್ ಛ .", "ರಾಮ ಹಿಂದುನೂರ ಸೆತ್ತಿ ಪೂಜಾ ಚ .\n", [4]], "350": ["ನಿಮ್ಮ ಬಾಯಿ ತೆರೆಯಿರಿ !", "ತಾರ್ ಮುಂಡೊ ಫಾಡ್ .", "ತಮಾರ್ ಮುಂಡೆ ಕಾಡೋ .\n", [4]], "180": ["ಅವರ ಆಶೀರ್ವಾದ ಕೋರಿದರು .", "ವೂನೂರ ಆಶೀರ್ವಾದ ಮಾಂಗೋ .", "ವನೂರ್ ಆಶೀರ್ವಾದ ದಿನೇಚ .\n", [4]], "174": ["ಅವರಿಗೆ ಯಾವುದೇ ಕಾನೂನು ಬಲವಿಲ್ಲ .", "ವನುನ್ ಕುಣಶಿ ಕಾನೂನೇರ್ ಬಲ ಛೆನೀ .", "ವನುನ್ ಕುಣಶಿ ಕಾನೂನು ಬಲತ್ ಛೆನೀ .\n", [5]], "141": ["ಅವರು ಇಂದು ತಡವಾಗಿ ಬಂದಿದ್ದಾರೆ .", "ವೂ ಆಜ್ ಘನ್ ತಡಾ ವೆನ್ ಆಯೇಚ .", "ಓ ಆಜ್ ತಡಾ ಕರನ್ ಆಮ್ಲೇಚ .\n", [5]], "675": ["ಇದೆಲ್ಲವೂ ಗೊಂದಲದ ಸಂಗತಿಯಾಗಿದೆ .", "ಏ ಸೆ ಗೊಂದಲೆರಚ .", "ಈಸೆ ಗೊಂದಲೇರ್ ಸಂಗತಿ ಛ .\n", [5]], "48": ["ನಾನು ಅವನನ್ನು ಹೆಚ್ಚು ಇಷ್ಟಪಡುವುದಿಲ್ಲ .", "ಮ ಓನ್ ಜಾಸ್ತಿ ಇಷ್ಟಾ ಕರುನಿ .", "ಮನ್ ವು ಘಣ್ ಪಸಂದ್ ಛೆನಿ .\n", [5]], "198": ["ಈ ಹಣ್ಣಿನ ಬೆಲೆ ಎಷ್ಟು ?", "ಈ ಫಳ್ ಕತ್ರಾರೋಚ ?", "ಏ ಫಳೆರ್ ಪೀಸಾ ಕತ್ರಾ ?\n", [5, 5, 5]], "721": ["ನಾಯಿಯನ್ನು ಕಂಡ ಕಳ್ಳ ಓಡಿಹೋದ .", "ಕುತ್ರಾನ್ ದೇಕನ್ ಚೋರ್ ಧಾಸಗೊ .", "ಕುತ್ರಾನ್ ಧಣಿ ಧಾಸಗೊ .\n", [5]], "455": ["ಗದ್ದೆಯಲ್ಲಿ ಗೂಳಿಗಳಿವೆ .", "ಖೇತೆಮ ಬಳದನೋಚ .", "ಗದ್ದದ್ದಡೆಮಾಯಿ ಶಾಳಿಓ ಛ .\n", [5]], "690": ["ನಾವು ಕೃಷಿ ಬೆಳವಣಿಗೆಯನ್ನು ಉತ್ತೇಜಿಸಬೇಕಾಗಿದೆ .", "ಅಪಣ ಕೃಷಿ ಬೆಳವಣಿಗೆನ ಉತ್ತೇಜನೆ ಕರನು .", "ಅಪಣ ಕೃಷಿ ಬೆಳವಣಿಗೆ ಉತ್ತರ ದೇಣು .\n", [5]], "800": ["ಉತ್ತಮ ಸಂಖ್ಯೆಯ ಬಹುಪತ್ನಿತ್ವವಿದೆ ಎಂದು ಇದು ಸೂಚಿಸುತ್ತಿದೆ .", "ಜಾಸ್ತ್ ವಾಯಾ ಕರಮಲೆ ಜೆರ್ ಜಾಸ್ತ್ ಸಂಖ್ಯಾ ಛ .", "ಏಕ್ ಆಚೊ ಸಂಖ್ಯೆರ್ ಬಹುಮಾನ ಛ ಕೇನ ವು ಸೂಚನೆ ಚ .\n", [5]], "22": ["ಆದರೆ ಮಾತು ಮಾತ್ರ ಇತ್ತು .", "ಪಣ ಬರೆ ವಾತೆ ವೇತ್ತಿ .", "ಪಣ ವಾತೇ ಅತ್ರಾಜ್ ವೇತ್ತಿ .\n", [5]], "46": ["ಹಲವಾರು ವ್ಯತ್ಯಾಸಗಳಿವೆ .", "ಘಣ್ ವ್ಯತ್ಯಾಸ ಚ .", "ಘಣ ವ್ಯತ್ಯಾಸ ಛ .\n", [5]], "859": ["ಮನೆಯಲ್ಲಿ ಕಪ್ಪು ಚುಕ್ಕೆಗಳನ್ನು ತೊಡೆದುಹಾಕಲು ಹೇಗೆ .", "ಘರೆಮ ಕಾಳ್ ಕಲಿ ಕು ಕಾಡೇರೊ .", "ಘರೆಮ್ ಕಾಳೊ ಭಂಟೆನುನ ಕು ಘಾಲೇನ್ ?\n", [4, 5]], "890": ["ಯುವಕ ಕೆಟ್ಟದ್ದಕ್ಕೆ ಹೋಗುತ್ತಿದ್ದಾನೆ ಎಂದು ನಾನು ಹೆದರುತ್ತೇನೆ .", "ಛೋರಾ ಕಾ೦ಯೀತೊಯೀ ತಪ್ಪ್ ಕರಚಕರನ್ ಹಮ್ ಚಮಕಾಚಾ .", "ಯುವಕ ಮಾ೦ದೋ ಜಾರೊಚ್ ಕರನ್ ಮನ್ ಚಮಕಣಿ ಲಾಗಚ .\n", [5]], "479": ["ನಾವು ಹಿಂದೆಂದೂ ಹಾಡಿಲ್ಲ .", "ಹಮ್ ಲಾರ್ ಕನ್ನಾಯಿಬಿ ಗಿದಗಾಯೆ ಕೊಂತಿ .", "ಹಮ್ ಮೊದಲೇ ಕನ್ನಾಯಿ ಗಿದ್ಗಿಕೊಂತಿ .\n", [4]], "787": ["ನಾನು ತುಂಬಾ ದಣಿದಿದ್ದೇನೆ, ನಾನು ಮುಂದುವರಿಯಲು ಸಾಧ್ಯವಿಲ್ಲ .", "ಮ ಘಣ ಹರಗೀಚು ಮನ್ ಅಬ್ಬೆ ಧಾಸೆರ್ ವೆನಿ .", "ಮನ್ ಘಣ್ ಸುಸ್ತ್ ವೇಗೋಚ, ಮನ್ ಆಂಗ್ ಜಾಯೆರ್ ವೇನಿ .\n", [5]], "59": ["ಅದೊಂದು ಸರಳ ಚಿತ್ರ .", "ಉ ಏಕ್ ಸರಳ್ ಚಿತ್ರ ಛ .", "ಉ ಏಕ್ ಸರಳ್ ಸಿನೆಮಾ ಛ .\n", [5]], "496": ["ನಾನು ಈ ಅಂಗಡಿಯನ್ನು ದ್ವೇಷಿಸುತ್ತೇನೆ .", "ಮನ ಈ ಅಂಗಡಿ ಪಸಂದ್ ಛೆನಿ .", "ಮನ್ ಈ ಜಿಗಲಾ ಪಸಂದ್ ಛೆನಿ .\n", [3]], "880": ["ಇದೇ ಎರಡು ರಾಜಕೀಯ ಪಕ್ಷಗಳ ನಡುವಿನ ವ್ಯತ್ಯಾಸ .", "ಈಜ್ ದೋಇ ರಾಜಕಿಯೇರ್ ಪಕ್ಷೆರ್ ನಡುವೆರ್ ಅಂತರ್ ಛ .", "ಈಜ್ ದೋಇ ರಾಜಕೀಯ ಪಕ್ಷೆರ್ ನಡು ವ್ಯತ್ಯಾಸ ಛ .\n", [5, 5]], "224": ["ನಾವು ಇದನ್ನು ಬರೆಯಬೇಕೇ ?", "ಹಮ್ ಏನ್ ಲಕ್ಕಣು ಕ ?", "ಅಪಣ ಏನ್ ಲಕ್ಕಣು ಕಾ೦ಯೀ ?\n", [4]], "61": ["ನಾನು ಕಾರು ಚಾಲಕ .", "ಮ ಕಾರ್ ಡ್ರೈವರ್ ಚು .", "ಮ ಕಾರ್ ಡ್ರೈವರ್ ಚು .\n", [5]], "909": ["ಅರಣ್ಯಾಧಿಕಾರಿಗಳ ಗಮನಕ್ಕೆ ತಾರದೆ ತಮ್ಮ ಕಾರ್ಯಾಚರಣೆ ನಡೆಸಬೇಕಿದೆ .", "ವೊ ಜಂಗಲೇರ್ ಅಧಿಕಾರಿನ ಮಾಲಮ್ ವೇನಿ ಜು ಕಾಮ್ ಕರಚ .", "ಜಂಗಲೇನ ಬಗರ್ ಕಾಮ್ ಕರೆರ್ ಜರೂರತ್ ಚ .\n", [4]], "166": ["ಅವರು ವಿಷಾದ ವ್ಯಕ್ತಪಡಿಸಿದ್ದಾರೆ .", "ಓ ವಿಷಾದ ವ್ಯಕ್ತ ಪಡ್ ಸಾಯೇಚ .", "ಓ ವಿಷಾದ್ ಕಿದೆಚ .\n", [5]], "928": ["ಹುಡುಗರು ಈಜುವುದಕ್ಕೆಂದು ಗುಂಪು ಗುಂಪಾಗಿ ಹತ್ತಿರದ ಬಾವಿಗಳಿಗೆ ತೆರಳುತ್ತಾರೆ .", "ಗುಂಪ ಗುಂಪೇಮ ಛಿಜ್ಯಪರ್ ಕನ್ನೆರ್ ವಾವಡಿನ ಜಾವಚ .", "ಛೋರಾನೋ ಪಾಣಿಮ್ ಪೆರಜೇತಿ ಏಕ್ ಗುಂಪ ಕನ್ನೆರ್ ಬಾವನೇನ ಜಾವಚ .\n", [3]], "70": ["ಅವರು ಸುಳ್ಳು ಹೇಳುವುದಿಲ್ಲ .", "ವು ಲಬಾಡಿ ಕೇನಿ .", "ವೊ ಲಬಾಡಿ ಕೇನಿ .\n", [5]], "388": ["ಮಂಜು ತಿಳಿಯಾಗಲು ಪ್ರಾರಂಭಿಸಿದೆ .", "ವೋಸ ಕಮ್ಮ ವೇನ ಚಾಲು ವೇಗೋ .", "ವೋಸ ಕೆಯೇನ ಚಾಲು ಕಿದೋ .\n", [4]], "898": ["ದನಗಳ ಮೇಲಿನ ಅವರ ಆಸಕ್ತಿಯನ್ನು ಗಮನಿಸಿ ಹಿಂದಿನ ನಿಜಾಮರ ಸರ್ಕಾರವು ಅದೇ ಕಲ್ಯಾಣ ಯೋಜನೆಗಳನ್ನು ಜಾರಿಗೆ ತಂದಿತು .", "ಜಾನ್ವರೇನುಮ ವೂನೂರ್ ರುಚಿ ದೇಕನ ನಿಜಾಮ ಸರಕಾರ ಸಮಾನ ಕಲ್ಯಾಣಕಾರಿ ಯೋಜನಾ ಶುರು ಕಿದೇತೆ .", "ಜಾನ್ವರೆರ್ ಉಪ್ಪರೇರ್ ಆತರಿ ದೇಕೋ ಅನ ನಿಜಾಮ ಸರಕಾರಣ ಸರಕಾರ ಲಾಯೇ .\n", [4]], "996": ["ಆಹಾರಧಾನ್ಯ ಪೂರೈಕೆಗಾಗಿ ಅಲೆದಾಡುತ್ತಿದ್ದ ವ್ಯಾಪಾರಿಗಳು .", "ಆಹಾರಧಾನ್ಯರ ವಾಸ ಭಟಕರೇ ಜೋಣ ವ್ಯಾಪಾರಿ ವೆತ್ತೆ .", "ಖಾಣೊ ಧಾನ್ಯ ದೇರೆ ಸಾರು ಹಿಂಡರೊತೊ .\n", [4]], "434": ["ಮೋಟಾರ್ ಸರಿಯಾಗಿ ಕೆಲಸ ಮಾಡುತ್ತಿಲ್ಲ .", "ಮೋಟಾರ್ ಠೀಕ್ ಕಾಮ್ ಕರ್ರಿ ಕೊಂತಿ .", "ಮೋಟಾರ್ ಠೀಕ್ ಕಾಮ್ ಕರರೊಕೊಂತಿ .\n", [5]], "531": ["ಅವರು ತುಂಬಾ ಒಳ್ಳೆಯ ಮತ್ತು ಭಾವನಾತ್ಮಕ ಜನರು .", "ಓ ಘಣ ಆಚೆ ಮಾಣಸ ಛ .", "ವೊ ಘಣ ಆಚೊ ಅನ ಭಾವನಾತ್ಮಕ ಮಾಣಸ್ ಚ .\n", [5]], "916": ["ಬ್ರಾಡ್ ಹಾಡ್ಜ್ ಐವತ್ತನಾಲ್ಕು ರನ್ ಗಳಿಸಿ ಔಟಾಗದೆ ಉಳಿದರು .", "ಬ್ರಾಡ್ ಹೋಡ್ಜ್ ಚಾರ್ ಪರ್ ಪಚಾಸ್ ರನ್ ಕರನ್ ಬನ್ ಔಟ್ ವೇರ್ ರೇಗೊ .", "ಬ್ರಿಡ್ ಸಾಪ್ ಪಾಂಚ್ ಚೌವನ್ ರಫಿನ್ ಬಚಾಡೋ .\n", [2, 4]], "729": ["ನೀನು ಅವಳ ಮೇಲೆ ಇನ್ನೂ ಕೋಪಗೊಂಡಿದ್ದೀಯಾ ?", "ತು ಅಬ್ ಬಿ ವೊತಿ ರಿಸ್ ಕರಮಲೋಚಿ ಕ ?", "ತು ವೊಪರ್ ಅಜಿ ರಿಸ್ ಕರ್ಮಲೋಚಿ ಕ ?\n", [5]], "240": ["ಅವರು ಹೇಳಿದ್ದು ನಿಜವಲ್ಲ .", "ಓ ಕೆಜಕೋಣಿ ಖರೆ ಕಾವ .", "ವು ಕೆ ಜೋಣ ಖರೆ ಕಾವ .\n", [5]], "364": ["ನನಗೆ ಹಳ್ಳಿಗಾಡು ಇಷ್ಟ .", "ಮನ್ ಹಳ್ಳಿಗಾಡು ಪಸಂದ್ ಚ .", "ಮನ್ ವು ಹಳ್ಳಿ ಪಸಂದ್ ಚ .\n", [5]], "742": ["ಹೂವು ಹಣ್ಣು ತರಕಾರಿಗಳ ಬೆಲೆ ಸ್ಥಿರವಾಗಿದೆ .", "ಫೋಲ್, ಹಣ್ಣ ಅನ್ ಕಾಯಿಪಲ್ಲೆರ್ ರೇಟ್ ಬದ್ಲಿ ಹುಯಿಕೊಂತಿ .", "ಫೂಲ್ ಫಳ್ ಅನ ಕಾಯಿಪಲ್ಲೆ ಸ್ಥಿರ ಚ .\n", [4]], "522": ["ನಾನು ಇನ್ನೂ ಖರೀದಿಸಲು ಬಹಳಷ್ಟು ವಸ್ತುಗಳನ್ನು ಹೊಂದಿದ್ದೇನೆ .", "ಮ ಅಜಿ ಘಣ್ ಸಾಮಾನ್ ಲೆರ್ ಚ .", "ಮಾರ್ ಅಜಿ ಲೇನ್ ಘಣ್ ಸಾಮಾನ್ ಛ .\n", [5]], "325": ["ಯಾಕೆ ಹೀಗೆ ಮಾಡಿದೆ ಹೇಳು .", "ಕಶೆನ್ ಹನು ಕಿದಿ ಕರನ್ ಕ .", "ಕಶೆನ್ ಹನು ಕರೋ .\n", [4]], "807": ["ಪಂಚಾಯತ್ ತೆಗೆದುಕೊಳ್ಳುವ ನಿರ್ಧಾರಗಳು ಎರಡೂ ಪಕ್ಷಗಳಿಗೆ ಬದ್ಧವಾಗಿರುತ್ತವೆ .", "ಪಂಚಾಯತ್ ಲಜಕೋನೀ ನಿರ್ಧಾರ್ ದೊಯಿನ್ ಸಂಬಂಧ್ ಪಡಚ್ .", "ಪಂಚಾಯತ್ ಲೆಜೇರ್ ದೊಯೀ ಪಕ್ಷೇವಾಳ ಬದ್ಧ ಘಾಲಚ .\n", [5]], "383": ["ಎಲ್ಲಾ ಪುರುಷರು ಬೇಗನೆ ಕೆಲಸಕ್ಕೆ ಹೋಗಬೇಕು .", "ಸೆ ಮಾಟಿನೊ ಜಲ್ದಿ ಕಾಮೆನ್ ಜಾಣು .", "ಸೆ ಮಾಟಿನೊ ಜಲ್ದಿ ಕಾಮೇನ ಜಾಣು .\n", [5]], "560": ["ಅವರು ದೇವರುಗಳ ಹಸುವಿನ ರಕ್ಷಣೆ ಪಡೆದರು .", "ವೊನ ದೇವೆರ ಗಾವಡಿತಿ ಸಂರಕ್ಷಣೆ ಮಳಚ .", "ಓ ದೇವೇನೂರ ಗಾವಡಿರ ರಕ್ಷಣೆ ಲಿದೆಚ್ .\n", [4]], "942": ["ಹುಮಾಯೂನನ ಆಸ್ಥಾನದಲ್ಲಿ ಸೇವಕನಿಗೆ ಆಹಾರವನ್ನು ತಿನ್ನುವಂತೆ ಮಾಡಲಾಯಿತು .", "ಹುಮಾಯುನೇರ ದರ್ಬಾರೇಮ ಸೇವಕೇನ ಖಾಣೊ ಖರಾತೇತೆ .", "ಹುಮಾಯೂನರ ಆಸ್ಥಾನ ಖಾಯೇನ ಖಾಣೊ ಖಾಯೇ .\n", [4, 3]], "756": ["ಉಪ್ಪು ಮತ್ತು ಮೆಣಸು ರುಚಿಗೆ ಸೇರಿಸಲಾಗುತ್ತದೆ .", "ನುಣ ಅನ ಕಾಳಿಮರ್ಚೆ ರುಚಿರ್ ವಾಸ ಘಾಲಚ .", "ನುಣ ಅನ ಕಾಳಿ ಮರ್ಚಿನ ಘಾಲಚ .\n", [5]], "1": ["ಹುಡುಗನಿಗೆ ಏನಾದರೂ ಬೇಕು .", "ಛೋರಾನ ಕಾ೦ಯೀತೊಯೀ ಚಾಯೆ .", "ಛೋರಾನ ಕಾಂಯಿ ತೊಯೀ ಚಾವಚ .\n", [5]], "4": ["ಅವಳು ನನ್ನ ಚಿಕ್ಕಮ್ಮ .", "ಉ ಮಾರ್ ಮಾಶಿ ಛ .", "ವು ಮಾರ್ ಯಾಡಿ ಚ .\n", [4]], "597": ["ಅವಳ ನಾಲಿಗೆಯನ್ನು ಕತ್ತರಿಸಲಾಯಿತು .", "ಓರ್ ಜೀಬ್ ಕತರೇಚ .", "ವೊರ್ ಜೀಬ ಕಾಟಲಿದೋಚ .\n", [5]], "757": ["ಉಲ್ಲಂಘಿಸುವವರ ವಿರುದ್ಧ ಕ್ರಮ ಕೈಗೊಳ್ಳಲಾಗುವುದು .", "ಉಲ್ಲಂಘನೆ ಕರಜೇರ್ ವಿರುದ್ಧ ಕ್ರಮ ಲಚ .", "ಉಲ್ಲಂಘನೆ ಕರೆನ್ ವಿರುದ್ಧ ಕ್ರಮ ಲಚ .\n", [3, 5]], "617": ["ನದಿಯು ನಗರವನ್ನು ಮುಳುಗಿಸಿತು .", "ನದಿ ನಗರೇನ ಡುಬಾಡನಾಕಿಚ .", "ನಂದಿ ನಗರ ಡುಬಗಿಚ್ .\n", [4]], "265": ["ಅವನು ನನ್ನ ಮನೆಯನ್ನು ಒಡೆದನು .", "ವು ಮಾರ್ ಘರ್ ಪಟ್ಕಾನಾಕೊ .", "ವು ಮಾರ್ ಘರ್ ಫುಟೋಚ .\n", [3]], "475": ["ನಾವು ನದಿಯನ್ನು ದಾಟಿದೆವು .", "ಹಮ್ ನಂದಿ ಲಂಗನ್ ಗೆ .", "ಹಮ್ ನಂದಿ ಲಂಗನ ಗೆಚಾ .\n", [5, 4]], "281": ["ನಂತರ ಅವರಿಗೆ ಪ್ರಶಸ್ತಿಯನ್ನು ನೀಡಲಾಯಿತು .", "ಲಾರ್ತಿ ಓನ್ ಪ್ರಶಸ್ತಿ ದಿನೇ ಛ .", "ಲಾರ್ತಿ ವುನೆನ್ ಪ್ರಶಸ್ತಿ ದಿನೆ .\n", [4]], "221": ["ಪವಾಡಗಳು ಸಂಭವಿಸುತ್ತವೆ .", "ಪವಾಡ ವಚ .", "ಪವಾಡ ವಚ .\n", [5]], "762": ["ಕಲಿಕೆಯು ಎಂದಿಗೂ ಮುಗಿಯದ ಪ್ರಕ್ರಿಯೆ .", "ಸಿಕೇರ್ ಕನ್ನಾಯಿ ನ ಖುಟೆರ್ ಪ್ರಕ್ರಿಯಾ ಚ .", "ಶಿಕಾ ಕನ್ನಾಯಿಭಿ ಮುಕ್ಸಾಯೆರ್ ಪ್ರಕ್ರಿಯೆ ಛ .\n", [4]], "510": ["ಅವರು ದೊಡ್ಡ ಜ್ಞಾನದ ಲೇಖಕರು .", "ಉ ಅಪ್ರತಿಮ ಬುದ್ಧಿ ಛ ಜಕೋಣಿ ಲೇಖಕ ಛ .", "ವು ಏಕ್ ಮೋಟ್ ಜ್ಞಾನ ಲೇಖಕ ಚ .\n", [2]], "473": ["ಅವರೆಲ್ಲಾ ಒಂದೇ .", "ವೊ ಸೆ ಏಕಜ ಚ .", "ವೊ ಸೆ ಎಕ್ಕಜ್ ಚ ಕ ?\n", [3]], "855": ["ಎಲ್ಲಾ ಬೆಕ್ಕುಗಳು ಕತ್ತಲೆಯಲ್ಲಿ ಬೂದು ಬಣ್ಣದಲ್ಲಿರುತ್ತವೆ .", "ಸೆಜ್ ಶಿಬ್ಬಿಯೊ ರಾತ್ ಭೂರೀ ದಿಕಾವಚ .", "ಸೆ ಸಿಬ್ಬಿನೋ ಅಂದಾರೋ ರಚ .\n", [3, 5]], "738": ["ಸ್ನಾನ ಮುಗಿದ ನಂತರ ಮತ್ತೆ ಸೂರ್ಯ ಬೆಳಗಿದನು .", "ಹಂಗೊಳಿ ವೇಗಿ ಜೆರಪಚ್ ಸೂರ್ಯ ಬೆಳಗೊಚ್ .", "ಹಂಗೊಳಿ ವೆಜಾವ್ ಜೆರ್ ಪಚ್ ಅಜಿ ಸುರ್ಯಾ ಖುಟೋಚ .\n", [3]], "462": ["ಮಮತಾ ಒಳ್ಳೆಯ ಹುಡುಗಿಯಾಗಿದ್ದಳು .", "ಮಮತಾ ಏಕ್ ಆಚ್ ಛೋರಿ ಛ .", "ವೋಟ್ ಆಚೊ ಛೋರಿ ವೇತ್ತಿ .\n", [4]], "316": ["ವಿದ್ಯಾರ್ಥಿಗಳಿಗೆ ಸಿಹಿ ವಿತರಿಸಲಾಯಿತು .", "ವಿದ್ಯಾರ್ಥಿನುನ ಮಿಠಾಯಿ ವೇಟೆ .", "ವಿದ್ಯಾರ್ಥಿನುನ ಮಿಟೋ ದಿನೆ .\n", [3]], "867": ["ನೀವು ಮನೆಯವರೆಗೂ ಓಡಿದವರಂತೆ ಕಾಣುತ್ತೀರಿ .", "ತು ಘರೇಲಗಾ ಧಾಸನ್ ಗೆ ಜು ದಿಕಾಯೆಚಿ .", "ತು ಘರೇಲಗಾ ಧಾಸರೊಚಿ .\n", [4]], "284": ["ಕಾಯುವುದು ನನಗಿಷ್ಟವಿಲ್ಲ .", "ವಾಟ್ ದೆಕೇರ್ ಮನ್ ಇಷ್ಟ ಚೇಯಿ .", "ರೋಗ್ ಮನ್ ನೂಕ್ಸಾನ್ ಛೆನೀ .\n", [4]], "945": ["ನಾವು ವಿಭಿನ್ನ ಆಲೋಚನಾ ಪ್ರಕ್ರಿಯೆಯನ್ನು ಹೊಂದಿದ್ದೇವೆ ಎಂದು ಗಂಗಾ ಹೇಳಿದ್ದಾರೆ .", "ಹಮಾರ್ ನಾಳಿ ಯೋಚನೆ ಕ್ರಮಾ ಛ ಕರನ್ ಕಿಚ ಗಂಗಾ .", "ಹಮಾರ್ ನಾಳಿ ನಾಳಿ ವಿಚಾರ್ ಪ್ರಕ್ರಿಯಾ ಚ ಕೇನ ಕೇಚ .\n", [3]], "76": ["ನಾನು ಸೋಲುವುದಿಲ್ಲ !", "ಮ ಸೋತುನಿ .", "ಮ ಸೋವುನಿ .\n", [4]], "49": ["ಅವಳ ಹೆಸರೇನು ?", "ಓರ್ ನಾಮ್ ಕಾ೦ಯೀಚ ?", "ಓರ್ ನಾಮ್ ಕಾ೦ಯೀ ಛ ?\n", [4]], "725": ["ಅವರು ಯಾವುದೇ ವಿಧ್ಯುಕ್ತ ಸ್ನಾನವನ್ನು ಮಾಡಲಿಲ್ಲ .", "ವೊ ಎಕ್ಕಿ ಔಪಚಾರಿಕ ಹಂಗೋಳಿ ಕಿದಿ ಕೊಂತಿ .", "ಓ ಕುಣಶಿ ವಿಧ್ಯಯುಕ್ತ ಹಂಗೋಳಿ ಕಿದೆ ಕೊಂತಿ .\n", [1]], "868": ["ಶೀಘ್ರದಲ್ಲಿಯೇ ಎಲ್ಲ ಸಮಸ್ಯೆಗಳನ್ನು ಬಗೆಹರಿಸಲಾಗುವುದು .", "ಘಣ ಝಲ್ದಿ ಸೆ ಸಮಸ್ಯಾ ಬಗೆಹರಸಾಣು .", "ವೊನ್ ಜಲ್ದಿ ಸಮಸ್ಯೆರ ಸಮಾಧಾನ ಕರಚ .\n", [5]], "992": ["ಒಬ್ಬ ಮಹಿಳೆ ಎಲ್ಲಾ ಹೆಣ್ಣುಮಕ್ಕಳಿಗೆ ಅಥವಾ ಅವರಲ್ಲಿ ಯಾರಿಗಾದರೂ ಆಭರಣಗಳನ್ನು ನೀಡಬಹುದು .", "ಏಕ್ ಬಾಯಿ ವೊರ್ ಆಭರಣ ಸೇಜ ಬೇಟಿನುನ ನಿತರ ವೂನುಮ ಕೇನಿಭಿ ಏಕ್ ಬೇಟಿನ ದೇ ಸಕಚ .", "ಏಕ ಬಾಯಿಗೋಳೆ ಛೋರೀನೂರ ಸೇಜ್ ಬಾಯಿಗೋಳೆಮ ಆಭರಣ ದೇಸಕಚ .\n", [5]], "116": ["ನೀವು ಪರಿಶೀಲಿಸಿ .", "ತು ಏನ್ ಚೆಕ್ ಕರ್ .", "ತಾರ್ ಪರಿಶೀಲನೆ ಕರೋ .\n", [5]], "836": ["ಆರಂಭಿಕ ನಿವೃತ್ತಿಯ ದೃಷ್ಟಿಯಿಂದ ಅವರು ತಮ್ಮ ಹಣವನ್ನು ಉಳಿಸಿದರು .", "ಮದ್ಲೆತಿ ಓ ಪೀಸಾ ಬಚಾಡರೇತೇ .", "ಜಲ್ದಿ ನಿವೃತ್ತಿ ವು ವುನೆರ್ ಪೀಸಾ ಬಚಾಡೋ .\n", [5]], "169": ["ನೀನು ಮೊದಲು ಆಸ್ಪತ್ರೆಗೆ ಹೋಗು .", "ತು ಮದ್ಲೇ ದವಾಖನಿನ್ ಜೋ .", "ತು ಮೊದಲೇ ದವಾಖಾನಿನ ಜೋ .\n", [5]], "684": ["ಸರ್ಕಾರಿ ಆಸ್ಪತ್ರೆಗಳಿಗೆ ಹೋಗಲು ಅವರಿಗೆ ಯಾವುದೇ ನಿರ್ಬಂಧವಿಲ್ಲ .", "ಸರಕಾರೀ ದಾವಾಖಾನಿನ ಜಾಯೇನ ವೂನುನ ಕಾಂಯಿ ನಿರ್ಬಂಧ ಛೆನಿ .", "ಸರ್ಕಾರಿ ದಾವಾಖಾನಿನ್ ಜಾಯೆನ್ ವನುನ್ ಕುಣಶಿ ನಿರ್ಬಂಧ ಛೆನೀ .\n", [5]], "649": ["ಡಿಸೈನರ್ ತುಂಬಾ ಪ್ರತಿಭಾವಂತರಾಗಿದ್ದರು .", "ಡಿಸೈನರ್ ಘಣ ಹುಷಾರ್ ಛ .", "ಡೈನಿರ್ ಘಣ್ ಪ್ರತಿಭಾವಂತ ವೆತ್ತೋ .\n", [5]], "989": ["ಸಿಹಿತಿಂಡಿಗಳು ಕದಿಯುವ ಪಂದ್ಯಕ್ಕೆ ಪುರುಷರು ಮತ್ತು ಹುಡುಗರು ತಯಾರಿಯಾಗುತ್ತಾರೆ .", "ಮಿಟೋ ಖಾಣೋ ಚೊರಿ ಕರೆ ಸಾರು ಮಾಟಿ ಛೋರಾವೋ ತಯಾರ್ ವೇಮಲಚ .", "ಮಿಠಾಯಿ ನೊ ಪಂದ್ಯ ಆವ ಜೋಣ ಮಾಟಿನೊ ಅನ ಛಿಜ್ಯಾಪರ ನಂಗಾವಚ .\n", [5]], "401": ["ನೀವು ಯಾವಾಗ ಹಿಂತಿರುಗುತ್ತಿದ್ದೀರೀ ?", "ತಮ್ ಕನ್ನಾ ವಾಪಸ್ ಆರೇಚೂ .", "ತು ಕನ್ನ ವಾಪಸ್ ಜಾರೋಚಿ ಕ ?\n", [1]], "944": ["ಸಂಜೆ ವೇಳೆಯಲ್ಲಿ ಮಹಿಳೆಯರು ತಮ್ಮ ಕುಟುಂಬದವರಿಗಾಗಿ ಹೊಸ ಉಡುಪನ್ನು ಹೊಲಿಯುತ್ತಾರೆ .", "ಸಾಂಜ ವಣಾ ಬಾಯಿಗೋಳೇ ಘರೇರ್ ಮಾಣಸೆರ್ ವಾಸ್ ನವ ಸೆಮಾನ್ ಸಿಡಚ .", "ಸಾಂಜ ವಣಾ ಬಾಯಿಗೋಳೇ ವೂನೂರ್ ಪರಿವಾರೇನ ವಾಸ ಏಕ್ ನವೋ ಜಿಗಲಾ ಪೇರಚ .\n", [5]], "503": ["ನೀವು ಅವನಿಂದ ಏನು ತೆಗೆದುಕೊಂಡಿದ್ದೀರಿ ?", "ತು ವೋರ ಕನ್ನೆತ್ತಿ ಕಾಂಯಿ ಲಿದೊಚಿ .", "ತಮ್ ಓತಿ ಕಾ೦ಯೀ ಲಿದೆಚೊ .\n", [4]], "910": ["ಹೀಗಾಗಿ ವ್ಯಕ್ತಿತ್ವಗಳ ಘರ್ಷಣೆ ಮಾತ್ರವಲ್ಲದೆ ವ್ಯವಸ್ಥೆಗಳ ಘರ್ಷಣೆ ಸಹ ಇದೆ .", "ಜನಾಜ್ ಮಾಣಸೇರ್ ಲಡಾಯಿರ ಜೋಡಿ ವ್ಯವಸ್ಥೆರ ಲಡಾಯಿ ಭೀ ವಚ .", "ಜೇರ್ಸಾರು ವ್ಯಕ್ಷಿನೂರ ಲಡಾಯಿ ಚಾಲೇರ್ ವ್ಯವಸ್ಥೆನೂರ ಲಡಾಯಿ ಭೀ ಛ .\n", [5]], "335": ["ನನಗೆ ತುಂಬಾ ಆಯಾಸವಾಗಿದೆ .", "ಮನ್ ಘಣ ಧೇರ್ ವೇಗಿಚ .", "ಮನ್ ಘಣ್ ಸುಸ್ತ ವೇಗಿಚ .\n", [5]], "726": ["ಅವರು ನಮಗೆ ಉಪನ್ಯಾಸ ನೀಡುವುದನ್ನು ನಿಲ್ಲಿಸಬೇಕು .", "ವು ಹಮೆನ್ ಉಪನ್ಯಾಸ ದೇರ್ ಬಂದ್ ಕರನು .", "ಓ ಹಮೆನ್ ಉಪನ್ಯಾಸ್ ದೆಣು .\n", [1]], "563": ["ನಾನು ಅವನಿಗೆ ಉಡುಗೊರೆಯಾಗಿ ಭರವಸೆ ನೀಡಿದ್ದೇನೆ .", "ಮ ಓನ್ ಭರೋಸಾ ಭೆಟ್ ರೂಪೇಮ್ ದಿನಿಚು .", "ಮ ಓನ್ ಉಡುಗೊರೆ ದೂಚು ಕರನ್ ಭರೋಸಾ ದೂಚು .\n", [3]], "821": ["ಬಡ ಮೇಲ್ಜಾತಿಗಳಿಗೆ ಹತ್ತು ಪ್ರತಿಶತ ಕೋಟಾ .", "ಗರೀಬ್ ಜಾತೇ ವಾಳೆಣ ದಸ್ ಪ್ರತಿಶತ ಕೋಟಾ ಛ .", "ಗರೀಬ್ ಜಾತಿವನುನ್ ದಸ್ ಪ್ರತಿಶಾ ಕೋಟೆ ಛ .\n", [4]], "480": ["ಕೆಲಸ ಸಿಗುವುದು ಅಷ್ಟು ಸುಲಭವಾಗಿರಲಿಲ್ಲ .", "ಕಾಮ್ ಮಳೆರೋ ಅತ್ರಾ ಸರಳ್ ವೇತ್ತಿಕೋನಿ .", "ಕಾಮ್ ಮಳೆರೋ ಅತ್ರಾ ಸರಳ್ ವೆತ್ತೊಕೋನಿ .\n", [5]], "763": ["ವಿಜ್ಞಾನ ಮತ್ತು ಧರ್ಮ ಬೇರೆ ಬೇರೆ .", "ವಿಜ್ಞಾನ ಅನ ಧರ್ಮ ದೊಯೀ ನಾಳಿ ನಾಳಿ ಚ .", "ವಿದ್ನ್ಯಾನ ಅನ್ ಧಾರ್ಮ ನಾಳಿ ಛ .\n", [4]], "292": ["ಐದು ಲಕ್ಷ ಬಹುಮಾನ ಘೋಷಿಸಿದ್ದಾರೆ .", "ಪಾಚ್ ಲಾಖ್ ಬಹುಮಾನ ಘೋಷಣೆ ಕಿದೆ ಛ .", "ವು ಪಾಂಚ್ ಲಾಕ್ ಬಹುಮಾನ ಘೋಷಣೆ ಕಿದೋ .\n", [5, 5]], "243": ["ನಾನು ಒಬ್ಬಂಟಿಯಾಗಿರಲಿಲ್ಲ .", "ಮ ಎಕ್ಲೊ ವೆತ್ತೋ ಕೋನಿ .", "ಮ ಎಕ್ಲೊ ಛೆನಿ .\n", [5]], "9": ["ನಾನು ಹೋಗಲಿದ್ದೇನೆ .", "ಮ ಜಾಯೆವಾಳೋಚು .", "ಮ ಜಾರೊಚು .\n", [5]], "274": ["ಮದುವೆಯಲ್ಲಿ ಪ್ರೀತಿ ಎಷ್ಟು ಮುಖ್ಯ ?", "ವಾಯಾ ಮಾಯಿ ಪ್ರೀತಿ ಕತ್ರಾ ಮುಖ್ಯ ಛ .", "ವಾಯಾಮ ಕತ್ರಾ ಮುಖ್ಯ ಚ .\n", [5]], "488": ["ಅವಳು ತನ್ನ ತಾಯಿಯೊಂದಿಗೆ ವಾಸಿಸುತ್ತಾಳೆ .", "ವು ವೊರ್ ಯಾಡಿರ್ ಜೋಡಿ ರಚ .", "ವು ವೊರ್ ಯಾಡಿರ್ ಜೋಡಿ ರಚ .\n", [4]], "446": ["ಬೇಸಿಗೆಯಲ್ಲಿ ನಿಮ್ಮ ಯೋಜನೆಗಳೇನು ?", "ಉಂದಾಳೆ ಮಾಯಿ ತಮಾರ್ ಯೋಜನೆ ಕಾಯಿಚ .", "ಬ್ಯಾಸಗಿ ಮಾಯಿ ತಮಾರ್ ಯೋಜನೆ ಕಾ೦ಯೀ ಛ ?\n", [5]], "327": ["ನೀವಿಬ್ಬರು ಏನು ಮಾಡುತ್ತಿದ್ದೀರಿ ?", "ತಮ್ ದೋಇ ಕಾಯಿ ಕರೆಚೊ .", "ತಮ್ ದೊಯೀ ಕಾಂಯಿ ಕರ್ರೆತೆ ?\n", [5]], "771": ["ಮನೆಯ ಕೆಲಸದ ವಿಷಯದಲ್ಲಿ ಭಿನ್ನಾಭಿಪ್ರಾಯ ಉಂಟಾಗುತ್ತದೆ .", "ಘರೇರ್ ಕಾಮೇರ ವಾಸ ಮತಭೇದ ವಚ .", "ಘರೇರ್ ಕಾಮೇರ್ ವಿಷಯ ನಾಳಿ ವಚ .\n", [4]], "588": ["ನಿಮ್ಮ ವಾರಾಂತ್ಯ ಹೇಗಿತ್ತು ?", "ತಮಾರ್ ವೀಕೆಂಡ್ ಕು ವೇತ್ತಿ ?", "ತಮಾರ್ ವಾರೆರ್ ಕು ವೇತ್ತಿ ?\n", [4]], "33": ["ಇದು ಎಲ್ಲರಿಗೂ ಕೆಲಸ ಮಾಡಬೇಕು .", "ಈ ಸೇರಿ ಸಾರು ಕಾಮೆನ್ ಆಣು .", "ಈ ಸೇರಿ ಸಾರು ಕಾಮ್ ಕರಣು .\n", [5]], "813": ["ಹಕ್ಕಿಗಳು ಅವಳ ಬಾಯಾರಿಕೆಯನ್ನು ನೀಗಿಸಲು ಸಹಾಯ ಮಾಡಿದವು .", "ಪಕ್ಷಿನೋ ವೋರ ಪಾಣಿರ ತರಸ್ ಹಟಾಯೆನ ಮದದ್ ಕಿದೆ .", "ಪಕ್ಷಿನೋ ವೋರ ಪಾಣಿರ ತರಸ್ ಹಟಾಯೆನ ಮದದ್ ಕಿದೆ .\n", [5]], "514": ["ಅಪಘಾತದಲ್ಲಿ ಬೈಕ್ ಸವಾರ ಸಾವು .", "ಅಪಘಾತೆಮ ಬೈಕ್ ಸವಾರ ಮರ್ಗೋ .", "ಅಪಘಾತೇ ಮಾಯಿ ಬೈಕ್ ಚಲಾಯೇ ವಾಳೊ ಮರ್ಗೋಚ .\n", [5]], "854": ["ಇಲ್ಲಿ ಖಳನಾಯಕರೂ ಇಲ್ಲ, ನಾಯಕರೂ ಇಲ್ಲ .", "ಅತ್ ಕೊಯಿ ವಿಲ್ಲನ್ ಅನ ಕೊಯಿ ಹೀರೊ ಛೆನಿ .", "ಅತ್ ಖಾಳಕರ್ ಛೆನಿ, ನಾಯಕ್ ಛೆನಿ .\n", [4]], "645": ["ಸಕ್ಕರೆಯನ್ನು ಪ್ರಜ್ಞಾಪೂರ್ವಕವಾಗಿ ತೆಗೆದುಕೊಳ್ಳಬೇಕು .", "ಸಕ್ಕರ್ ದಸೆಕ್ ಖಾಣು .", "ಸಕ್ಕರ್ ಪ್ರಜ್ಞಾನ ಹನು ಲೇಣು .\n", [5]], "117": ["ಅವಕಾಶ ಹೇಗೆ ಬಂತು ?", "ಅವಕಾಶ ಕು ಆಯೀಚ .", "ಅವಕಾಶ ಕು ಆಯೋ ?\n", [5]], "699": ["ನೀರಿನ ಟ್ಯಾಂಕ್ ಒಡೆದು ಮಹಿಳೆ ಸಾವನ್ನಪ್ಪಿದ್ದಾಳೆ .", "ಪಾಣಿರ್ ಟ್ಯಾಂಕ್ ಫುಟನ ಏಕ್ ತಾಂಡರಿ ಮರಗಿಚ .", "ಪಾಣಿ ಟ್ಯಾಂಕ್ ಫುಟನ್ ಬಾಯಿಗೋಳೆ ಮರ್ಗಿಚ .\n", [5]], "691": ["ಓ! ಸ್ನೇಹಿತರೇ, ನೀವು ಬೆಳ್ಳಿಯನ್ನು ಧರಿಸಿದ್ದೀರಿ .", "ಏ! ದೋಸ್ತಣೆ ತಮ ಚಾಂದಿ ಘಾಲಮಲಿಚೊ .", "ಏ! ದೋಸ್ತೇ, ತು ಚಾಂದಿ ಪೆರಮಲೀ .\n", [4]], "363": ["ಅವರು ತಮ್ಮ ಕೆಲಸವನ್ನು ಇಲ್ಲಿ ಸಲ್ಲಿಸುತ್ತಾರೆ .", "ವೊ ವೂನೂರ್ ಕಾಮೇನ ಅತ ದಚ .", "ಓ ವನೂರ್ ಕಾಮ್ ಎತ್ತ್ ದಚ್ .\n", [5]], "903": ["ಜಾನಪದ ಕಥೆಗಳನ್ನು ಸ್ಟಿತ್ ಥಾಮ್ಸನ್ ಮಾದರಿಯ ಮಾದರಿಯ ಪ್ರಕಾರ ವರ್ಗೀಕರಿಸಲಾಗಿದೆ .", "ಜಾನಪದ ಸಾಕಿನುನ ಸ್ಟಿತ್ ಥಾಮ್ಸನ್ ರ ಟೈಪ್ ಇಂಡೆಕ್ಸ್ ಮೊಡೇಲೆರ ನಾಯಿ ವರ್ಗಿಕೃತ ಕರಮಲೆಚ .", "ಜಾನಪದ ಸಾಕಿನುನ ಸ್ಟಿತ್ ಸಮ್ಸನೇರ ಮಾದನೇರ ಪ್ರಕಾರ ವರ್ಗಿಕೃತ ಕರಮಲೆಚ .\n", [5]], "536": ["ನೀವು ಬಿಡುವಿರುವಾಗ ದಯವಿಟ್ಟು ನನಗೆ ಕರೆ ಮಾಡಿ .", "ತಮ್ ಠಾಲ ರೋ ಜನಾ ಮನ ಬಲಾವೋ .", "ಕೃಪಯಾ ತಮ್ ಛೋಡು ಜನಾ ಮನ್ ಫೋನ್ ಕರೋ .\n", [4]], "759": ["ಹೆಚ್ಚಿನ ಜನರು ಅವರಿಗೆ ಅರ್ಹವಾದದ್ದನ್ನು ಪಡೆಯುತ್ತಾರೆ .", "ಜಾಸ್ತ್ ಮಾಣಸೇನ ವುಜ್ ಮಳಚ ಜೆರ್ ವೊ ಹಕ್ಕ್ ದಾರ್ ಚ .", "ಜಾಸ್ತಿ ಲೋಕ್ ವನುನ್ ಅರ್ಹತೆ ಲಚ .\n", [5]], "29": ["ಅವರು ನಮಗೆ ಸುಳ್ಳು ಹೇಳಿದರು .", "ವೊ ಹಮೇನ್ ಲಬಾಡಿ ಕೆ .", "ವೊ ಹಮೆನ್ ಲಬಾಡಿ ಕೆ .\n", [5]], "90": ["ನಾವು ಬಹಳಷ್ಟು ನಡೆದೆವು .", "ಹಮ್ ಘಣ್ ಚಾಲೆ .", "ಹಮ್ ಘಣ ಚಾಲೆಚಾ .\n", [5]], "991": ["ಕುಶಲಕರ್ಮಿಗಳು ಹೊಲಿಗೆ ಯಂತ್ರವನ್ನು ಸಹ ಹೊಂದಿದ್ದಾರೆ .", "ಕುಶಲಕರ್ಮಿನುನ ಸೆಮಾನ್ ಸಿಡೆರ್ ಮಿಷನ್ ಬಿ ದೇಮಲೇಚ .", "ಕುಶಲಕರ್ಮಿನುನ ಪೆಹಲಿಂಮನ್ ಬಿ ಛ .\n", [3]], "23": ["ನಮಗೆ ಎಷ್ಟು ಸಮಯವಿದೆ ?", "ಹಮೆನ್ ಕತ್ರಾ ಟೈಮ್ ಛ .", "ಅಪಣ ಕತ್ರಾ ಸಮಯ ಚ ?\n", [3]], "893": ["ಇಡೀ ನಗರದ ನೈರ್ಮಲ್ಯೀಕರಣ ಕಾರ್ಯ ನಡೆಯುತ್ತಿದೆ .", "ಪೂರಾ ನಗರೇರ್ ನೈರ್ಮಲೀಕರಣ ಕಾಮ್ ಚಾಲರೋಚ .", "ಸಾರಿ ಗಾಮೇರ್ ಸ್ವಚ್ಛ ಕರೆರ್ ಕಾಮ್ ಚಾಲ್ರಿಚ .\n", [5]], "519": ["ನಾನು ಕಿಟಕಿಯನ್ನ ತೆರೆಯಬಹುದೇ ?", "ಮ ಕಿಡಕಿ ಕಾಡು ಕ ?", "ಮ ಕಿಡಕಿ ಕಾಡ್ ಸಕುಚು ?\n", [4]], "432": ["ಅವರ ಕೆಲಸವನ್ನು ಅವನಿಂದ ವಿವರಿಸಲಾಗಿದೆ .", "ಓರ್ ಕಾಮ್ ವನೂರ್ ಪಾಕ್ತಿ ವಿವರಣೆ ದೇಮಲೇಚ .", "ವನೂರ್ ಕಾಮ್ ಓತಿ ಸಮ್ಜಾಮಲೆಚ್ .\n", [5]], "246": ["ನೀವು ದೊಡ್ಡ ಕೆಲಸ ಮಾಡಿದ್ದೀರಿ .", "ತಮ್ ಮೋಟೋ ಕಾಮ್ ಕಿದೆ ಚೊ .", "ತು ಏಕ್ ಮೋಟ್ ಕಾಮ್ ಕಿದೋಚಿ .\n", [5]], "747": ["ನಿಮ್ಮ ಪ್ರಯತ್ನಗಳಿಗೆ ನೀವು ಪ್ರತಿಫಲವನ್ನು ಪಡೆಯುತ್ತೀರಿ .", "ತಮಾರ್ ಪ್ರಯತ್ನ್ಯೆನ್ ತಮ್ ಪ್ರತಿಫಲ ಲೊಚೊ .", "ತಮ್ ತಮಾರ್ ಪ್ರಯತ್ನ ವನುನ್ ತಮ್ ಪ್ರತಿಫಲ್ ಲೊಚೊ .\n", [4]], "677": ["ಸಾಮಾಜಿಕ ಜಾಲತಾಣಗಳು ಬಹಳ ಜನಪ್ರಿಯವಾಗಿವೆ .", "ಸೋಸಿಯಲ್ ನೆಟ್ ವರ್ಕಿಂಗ್ ವೆಬ್ ಸೈಟ್ ನೋ ಘಣ್ ಜನಪ್ರಿಯ ವೇಗಿಚ .", "ಸಾಮಾಜಿಕ ಜಾಲತಾಣ ಘಣ ಜನಪ್ರಿಯ ಛ .\n", [5]], "818": ["ಮಹಿಳೆಯು ಮಗುವನ್ನು ಎದೆ ಹಾಲಿನಿಂದ ಹೊರಹಾಕಲು ಬಯಸಿದರೆ .", "ಮಾ ಪಾಪುನ ಛಾತಿರ ದೂಧ್ ಪರಾಯೆರ್ ಛೋಡಾಯೆನ್ ಚಾವತೋ .", "ಬಾಯಿಗೋಳೆ ನ ರೀ ಕತೋ ದೂದೇತಿ ಭಾರ ಘಾಲೇರ್ ಚಾವರೊತೊ .\n", [3]], "386": ["ಈ ಮಗು ತುಂಬಾ ಹಠಮಾರಿ .", "ಈ ಪಾಪು ಘಣ ಹಠ ಕೋರಿಛ .", "ಪಾಪು ಘಣ್ ಹರಾರತಿ ಚ .\n", [5]], "167": ["ಅವರು ಇನ್ನೂ ನೆಲೆಸಿಲ್ಲ .", "ವೊ ಅಬೆ ಲಗು ಸೆಟಲ್ ವೇಕೊಂತಿ .", "ವೊ ಅಜಿ ಜಮಿ ಛೆನಿ .\n", [1]], "685": ["ನೀವು ಅದನ್ನು ನನ್ನ ಗಂಡನ ಮೇಜಿನಿಂದ ತೆಗೆಯುತ್ತೀರಾ ?", "ತಮ್ ಓನ್ ಮಾರ್ ಧಣಿ ರ ಟೇಬಲ್ ಪರ್ತಿ ಕಾಡೋ ಚೊ ಕಾಯಿ ?", "ತು ವೊನ್ ಮಾರ್ ಧಣೀರ್ ಮೇಲೆಚಿ ಕ ?\n", [2]], "187": ["ಪಂದ್ಯವನ್ನು ಯಾರು ಗೆಲ್ಲುತ್ತಾರೆ ?", "ಆಟಾ ಮೈ ಕುಣ ಗೆದ್ದ ಛ ?", "ಮ್ಯಾಚ್ ಕುಣ ಜೀತಚ ?\n", [4]]}