{"655": ["ವು ಹರಕೆವಡಿ ಕಿದೋಜೆರ್ ವಾಸ ಕ್ಷಮಾ ಮಾಂಗಣು .", "ತನ್ನ ದುರ್ವರ್ತನೆಗಾಗಿ ಕ್ಷಮೆ ಯಾಚಿಸಬೇಕು .", "ಅಸಭ್ಯವಾಗಿ ವರ್ತಿಸಿದ್ದಕ್ಕಾಗಿ ಅವರು ಕ್ಷಮೆಯಾಚಿಸಬೇಕು .\n", [5]], "201": ["ಈ ಮಾರ್ ಪಾಳಿ ಛ .", "ಇದು ನನ್ನ ಸರದಿಯೇ ?", "ಇದು ನನ್ನ ಪಾವಳಿ .\n", [2]], "443": ["ಅಪಘಾತೆಮ ಬೈಕ್ ಸವಾರ ಮರ್ಗೋ .", "ಅಪಘಾತದಲ್ಲಿ ಬೈಕ್ ಸವಾರ ಸಾವು .", "ಅಪಘಾತದಲ್ಲಿ ಬೈಕ್ ಸವಾರ ಸಾವು .\n", [5]], "925": ["ವು ವುತ್ರಾ ಸಮಯ ಮ ವುನೆರ್ ನಿರ್ಣಯ ಏಕ್ ಮಾಣಸೇನ ಕೇನ್ ಮೇಲಾಚಾ ಕೇನ್ ಭರೋಸಾ ದಿನೋ .", "ಆ ಅವಧಿಯೊಳಗೆ ತಮ್ಮ ನಿರ್ಧಾರವನ್ನು ಸಂದೇಶವಾಹಕರ ಮೂಲಕ ತಿಳಿಸುವುದಾಗಿ ಭರವಸೆ ನೀಡಿದರು .", "ಅವನು ಇಷ್ಟು ಸಮಯದಲ್ಲಿ, ತಮ್ಮ ನಿರ್ಣಯವನ್ನು ತರಲು ಭರವಸೆ ನೀಡಿದರು .\n", [4]], "234": ["ಓ ಹಳ್ಳಿನ್ ಗೇಚ್ .", "ಅವರು ಹಳ್ಳಿಗೆ ತೆರಳಿದರು .", "ಅವರು ಹಳ್ಳಿಗೆ ಹೋದರು .\n", [5]], "325": ["ಮ ರಾಜಕಿಯೇನ್ ಪ್ರೀತಿ ಕರುಚು .", "ನಾನು ರಾಜಕೀಯವನ್ನು ಪ್ರೀತಿಸುತ್ತೇನೆ .", "ನಾನು ರಾಜಕೀಯಕ್ಕೆ ಪ್ರೀತಿಸುತ್ತೇನೆ .\n", [4, 3]], "231": ["ಮ ವೊರ್ ಘರ್ ರೆರೋಚು .", "ನಾನು ಅವರ ಮನೆಯಲ್ಲಿಯೇ ಇದ್ದೇನೆ .", "ನಾನು ಅವರ ಮನೆ ವಾಸಿಸುತ್ತಿದ್ದೇನೆ .\n", [2]], "904": ["ವರ್ಸೆಮ್ ಏಕ್ ವಣಾ ವೊರ್ ಪೂಜಾ ಕಿದೇತೋ ವು ಜಮೀರ್ ಫಲವತ್ತತೆ ಜಾಸ್ತ್ ಕರಚ ಕೇನ ವೊ ನಂಬಚ .", "ವರ್ಷಕ್ಕೊಮ್ಮೆ ಆಕೆಯನ್ನು ಪೂಜಿಸಿದರೆ ಭೂಮಿಯ ಫಲವತ್ತತೆ ಹೆಚ್ಚುತ್ತದೆ ಎಂದು ನಂಬುತ್ತಾರೆ .", "ವರ್ಷಕ್ಕೊಮ್ಮೆ ಆಜೆ ಮಾಡಿದರೆ, ಅವರು ಭೂಮಿಯ ಫಲವತ್ತನ್ನು ಹೆಚ್ಚಿಸುತ್ತಾರೆ ಎಂದು ಅವರು ನಂಬುತ್ತಾರೆ .\n", [3]], "142": ["ಮ್ ತಯಾರೆಂ ಚು .", "ನಾನು ಸಿದ್ಧನಾಗಿರುತ್ತೇನೆ .", "ನಾನು ನಿಮ್ಮಲ್ಲಿದ್ದೇನೆ .\n", [1]], "568": ["ಉ ತಪ್ಪ್ ಕರಮಲೋ ಜೇತಿ ಓನ್ ಶಿಕ್ಷೆ ಹುಯಿಚ .", "ಅವನು ತಪ್ಪಿತಸ್ಥನಾಗಿದ್ದರಿಂದ ಅವನಿಗೆ ಶಿಕ್ಷೆಯಾಯಿತು .", "ಅವನು ತಪ್ಪಿತಸ್ಥನಿಗೆ ಶಿಕ್ಷೆಯಾಯಿತು .\n", [3]], "159": ["ತು ಘರೇನ್ ಜಾಯೇನ್ ಸ್ವತಂತ್ರ ಚಿ .", "ನೀವು ಮನೆಗೆ ಹೋಗಲು ಸ್ವತಂತ್ರರು .", "ನೀವು ಮನೆಗೆ ಹೋಗಲು ಸ್ವತಂತ್ರರು .\n", [5]], "600": ["ತಮ್ ದೂದ್ ಪಿಯೊಚೊ ಕಾ೦ಯೀ ?", "ಬಹುಶಃ ನೀವು ಹಾಲು ಕುಡಿಯಲು ಬಯಸುತ್ತೀರಿ .", "ನೀವು ಹಾಲು ಕುಡಿಯುತ್ತೀರಾ ?\n", [5]], "711": ["ರಾಮ್ ಹಿಂದೂ ವನೂರ್ ಪೂಜ್ಯ ದೇವ್ ಛ .", "ರಾಮ ಹಿಂದೂಗಳು ಅತ್ಯಂತ ಪೂಜ್ಯ ದೇವರು .", "ರಾಮ ಹಿಂದೂ ತಮ್ಮ ಜ್ಯ್ ದೇವತೆ .\n", [5]], "657": ["ಎಕ್ಕಿ ಮರಗೆಜೆರ್ ಸೂಚನಾ ಮಳಿಕೊಂತಿ .", "ಯಾವುದೇ ಸಾವುಗಳು ವರದಿಯಾಗಿಲ್ಲ .", "ಯಾವುದೇ ಸಾವಿನ ಸೂನಾ ಸಿಕ್ಕಿಲ್ಲ .\n", [5, 2]], "634": ["ಈ ಯೋಜನೆ ಮೂಂಗ್ ಛ ಕರನ್ ದಕಾರಿಚ್ .", "ಈ ಯೋಜನೆ ದುಬಾರಿ ಎನಿಸುತ್ತಿದೆ .", "ಈ ಯೋಜನೆ ದುಬಾರಿಯಾಗಿದೆ ಎಂದು ತೋರುತ್ತದೆ .\n", [4]], "612": ["ಪಕ್ಷೆರ್ ಮುಖಂಡ ಹಾಜರ್ ವೆತ್ತೆ .", "ಪಕ್ಷದ ಮುಖಂಡರು ಉಪಸ್ಥಿತರಿದ್ದರು .", "ಪಕ್ಷದ ಮುಖ್ಯಸ್ಥರು ಉಪಸ್ಥಿತರಿದ್ದರು .\n", [5]], "229": ["ಮನ್ ಘಣ ಧೇರ್ ವೇಗಿಚ .", "ನನಗೆ ತುಂಬಾ ಆಯಾಸವಾಗಿದೆ .", "ನನಗೆ ತುಂಬಾ ಸುಸ್ತಾಗಿದೆ .\n", [5]], "280": ["ವು ಕನ್ನಾಯಿಬಿ ಸಪನೋ ದೆಕುಕರಚ .", "ಅವನು ಯಾವಾಗಲೂ ಕನಸು ಕಾಣುತ್ತಿದ್ದಾನೆ .", "ಅವಳು ಯಾವಾಗಲೂ ಕನಸು ಕಾಣುತ್ತಾಳೆ .\n", [4]], "300": ["ಪರಿವಾರೇಮ ವಿವಾದ ವೆಸಕಚ .", "ಕುಟುಂಬದಲ್ಲಿ ವಿವಾದಗಳು ಉಂಟಾಗಬಹುದು .", "ಕುಟುಂಬದಲ್ಲಿ ವಿವಾದಗಳು ಸಂಭವಿಸಬಹುದು .\n", [5]], "862": ["ವೊ ಜಂಗಲೇರ್ ಅಧಿಕಾರಿನ ಮಾಲಮ್ ವೇನಿ ಜು ಕಾಮ್ ಕರಚ .", "ಅರಣ್ಯಾಧಿಕಾರಿಗಳ ಗಮನಕ್ಕೆ ತಾರದೆ ತಮ್ಮ ಕಾರ್ಯಾಚರಣೆ ನಡೆಸಬೇಕಿದೆ .", "ಅವರು ಅರಣ್ಯ ಅಧಿಕಾರಿಗಳಿಗೆ ತಿಳಿಯದಂತೆ ಕೆಲಸ ಮಾಡುತ್ತಾರೆ .\n", [5]], "218": ["ತಮ್ ಏನ್ ದೇಕೋ ಚೊ ಕ ?", "ನೀವು ಅದನ್ನು ನೋಡುತ್ತೀರಾ ?", "ನೀವು ಇದನ್ನು ನೋಡಿ !\n", [5]], "355": ["ಅಪಣ ದಸೆಕ್ ಉದಾಹರಣೆ ದೆಖಾ .", "ನಾವು ಕೆಲವು ಉದಾಹರಣೆಗಳನ್ನು ನೋಡೋಣ .", "ನಾವು ಕೆಲವು ಉದಾಹರಣೆಗಳನ್ನು ನೀಡೋಣ .\n", [5]], "988": ["ವುನೇರ್ ಶಿಕ್ಷಣ ಅನ ಕೋಶಲ್ಯ ದಕಾಳೆರ್ ಅನಿವಾರ್ಯ ಚ .", "ಅವರ ಶಿಕ್ಷಣ ಮತ್ತು ಕೌಶಲ್ಯಗಳನ್ನು ಪ್ರದರ್ಶಿಸುವುದು ಕಡ್ಡಾಯವಾಗಿದೆ .", "ಅವರ ಶಿಕ್ಷಣ ಮತ್ತು ಕೋಶಲ್ಯ ತೋರಿಸುವ ಅನಿವಾರ್ಯ ಆಗಿದೆ .\n", [5, 5, 5]], "304": ["ಯಾಡಿ ಘಣ ನಮ್ರ ಚ .", "ತಾಯಿಯು ತುಂಬಾ ಸೌಮ್ಯವಾಗಿದ್ದಾಳೆ .", "ತಾಯಿ ತುಂಬಾ ನಮ್ಯ .\n", [4]], "314": ["ಈ ದುಸರೇರ್ ವ್ಯವಹಾರ್ ಕಾವ .", "ಇದು ಬೇರೆಯವರ ವ್ಯವಹಾರವಲ್ಲ .", "ಇದು ಇತರರ ವ್ಯವಹಾರವಲ್ಲ .\n", [5, 5]], "840": ["ಬಹುಶಃ ಹಮ್ ಆಂಗೇರ್ ಮೀನಾ ಶಿಮ್ಲಾ ಜಾಮಾಚಾ .", "ಬಹುಶಃ ನಾವು ಮುಂದಿನ ತಿಂಗಳು ಶಿಮ್ಲಾಗೆ ಹೋಗುತ್ತೇವೆ .", "ಬಹುಶಃ ನಾವು ಮುಂದಿನ ತಿಂಗಳಿಗೆ ಹೋಗುತ್ತೇವೆ .\n", [4]], "750": ["ಪ್ರಧಾನಿ ಲೊಕುನ್ ಶುಭಾಶಯ ದಿನೊಚ್ .", "ಪ್ರಧಾನಿ ಜನರಿಗೆ ಶುಭಾಶಯ ಕೋರಿದರು .", "ಪ್ರಧಾನಿ ಜನರಿಗೆ ಶುಭಾಶಯಗಳನ್ನು ನೀಡಿದ್ದಾರೆ .\n", [5]], "348": ["ಈ ನದಿರ್ ನಾಮ್ ಕಾ೦ಯೀ ?", "ಈ ನದಿಯ ಹೆಸರೇನು ?", "ಈ ನದಿಯ ಹೆಸರೇನು ?\n", [5]], "512": ["ವೊ ಆಚ ಛೋರಿ ಧುನ್ದುಕರಚ .", "ಸೂಕ್ತ ಹುಡುಗಿಯ ಹುಡುಕಾಟದಲ್ಲಿದ್ದಾರೆ .", "ಅವರು ಒಳ್ಳೆಯ ಹುಡುಗಿಯನ್ನು ಹುಡುಕುತ್ತಾರೆ .\n", [5]], "776": ["ವು ಕತ್ರಾಕೋ ವರ್ಷ ಬುದ್ಧಿವಂತಿಕೇತಿ ಆಡಳಿತ ಕಿದೋ .", "ಅವರು ಅನೇಕ ವರ್ಷಗಳ ಕಾಲ ಬುದ್ಧಿವಂತಿಕೆಯಿಂದ ಆಳಿದರು .", "ಅವರು ಅನೇಕ ವರ್ಷ ಬುದ್ಧಿವಂತಿಗಳಿಂದ ಆಡಳಿತಗಾರರು .\n", [5]], "491": ["ವೊ ಜಾರೆ ಜೋಣ ಹಮ್ ದಿಟೆ .", "ಅವರು ಹೋಗುವುದನ್ನು ನಾವು ನೋಡಿದ್ದೇವೆ .", "ಅವರು ಹೋಗುವುದನ್ನು ನಾವು ನೋಡಿದೆವು .\n", [5]], "373": ["ಪಣ ಉ ಖರೆ ರಿಕತೋ ಕು .", "ಮತ್ತು ಅದು ನಿಜವಾಗಿದ್ದರೆ ಏನು ?", "ಆದರೆ ಅದು ನಿಜವಾಗಿದ್ದರೆ ?\n", [5]], "121": ["ವು ಲಬಾಡಿ ಕೇನಿ .", "ಅವರು ಸುಳ್ಳು ಹೇಳುವುದಿಲ್ಲ .", "ಅವನು ಸುಳ್ಳು ಹೇಳುವುದಿಲ್ಲ .\n", [5]], "455": ["ಅಲೋಮ್ ಉ ಕಾಮ್ ಛೋಡ್ ನಾಕೋ ಛ .", "ಅಲೋಮ್ ಆ ಕೆಲಸವನ್ನು ಬಿಟ್ಟರು .", "ಅಲೋಮ್ ಅದನ್ನು ಕೆಲಸ ಬಿಟ್ಟನು .\n", [4]], "842": ["ಪೂರಾ ನಗರೇರ್ ನೈರ್ಮಲೀಕರಣ ಕಾಮ್ ಚಾಲರೋಚ .", "ಇಡೀ ನಗರದ ನೈರ್ಮಲ್ಯೀಕರಣ ಕಾರ್ಯ ನಡೆಯುತ್ತಿದೆ .", "ಇಡೀ ನಗರದ ನೈೀಕರಣಗಳು ನಡೆಯುತ್ತಿವೆ .\n", [5, 4]], "8": ["ಮ ಜಾಯೆವಾಳೋಚು .", "ನಾನು ಹೋಗಲಿದ್ದೇನೆ .", "ನಾನು ಹೋಗಲಿದ್ದೇನೆ .\n", [4, 5]], "940": ["ಶರೀರೇನ ಜಾಡ ಚಾದರೇತಿ ಬುರನ್ ಬಿ ಸಳಕಮ್ ಕಮ್ ವಚ .", "ದೇಹವನ್ನು ದಪ್ಪ ಹೊದಿಕೆಯಿಂದ ಮುಚ್ಚುವ ಮೂಲಕ ಶೀತವನ್ನು ಸಹ ಗುಣಪಡಿಸಬಹುದು .", "ದೇಹವನ್ನು ಉಜ್ಜಿದವರಿಂದ ಮುಚ್ಚಿದಾಗ ಶೀತದಿಂದ ಗುಣವಾಗುತ್ತದೆ .\n", [4]], "369": ["ರಾಮ್ ಗಿದೆ ಸಂಬಲೋಚ .", "ರಾಮ್ ಸಂಗೀತವನ್ನು ಆಲಿಸಿದರು .", "ರಾಮ್ ಹಾಡನ್ನು ಕೇಳಿದರು .\n", [5]], "223": ["ತಿನೇ ವರ್ಗ ಛೆನೀ .", "ಮೂರನೇ ವರ್ಗವಿಲ್ಲ .", "ಮೂರನೇ ವರ್ಗವಿಲ್ಲ .\n", [4]], "810": ["ಮ ಪಾಠಾ ಕರೆನ್ ಮಾರ್ ಟೇಬಲ್ ಪರ್ ಭೇಸುಚು .", "ನನ್ನ ಪಾಠ ಮಾಡಲು ನನ್ನ ಮೇಜಿನ ಬಳಿ ಕುಳಿತುಕೊಳ್ಳುತ್ತೇನೆ .", "ನಾನು ಪಾಠ ಮಾಡಲು ನನ್ನ ಮೇಲೆ ಕುಳಿತುಕೊಳ್ಳುತ್ತೇನೆ .\n", [4, 2]], "504": ["ಮೊದಲೇ ಅಸ ಘಟನೆ ವೇಮಲಿಚ ಕ ?", "ಈ ಹಿಂದೆ ಇಂತಹ ಘಟನೆಗಳು ನಡೆದಿವೆಯೇ ?", "ಮೊದಲು ಇಂತಹ ಘಟನೆ ಇದೆಯೇ ?\n", [4]], "607": ["ಉ ವೆಂಡೋ ಛ ಕಾ೦ಯಿಕೋ .", "ಅವನು ಹುಚ್ಚನಾಗಿರಬೇಕು .", "ಅವನು ಹುಚ್ಚನಾಗಿರಬಹುದು .\n", [5]], "586": ["ಸಮಸ್ಯಾರ್ ಬಗ್ಗೆ ಮನ್ ಕಾ೦ಯೀ ಕಳಿಕೊಂತಿ .", "ಸಮಸ್ಯೆಯ ಬಗ್ಗೆ ನನಗೆ ಏನೂ ತಿಳಿದಿಲ್ಲ .", "ಸಮಸ್ಯೆಯ ಬಗ್ಗೆ ನನಗೆ ಏನೂ ಹೇಳಲಿಲ್ಲ ?\n", [4]], "39": ["ಉ ಕಾಮ್ ಸರಳ ವೇತ್ತಿ .", "ಆ ಕೆಲಸ ಸುಲಭವಾಗಿತ್ತು .", "ಅದು ಸುಲಭದ ಕೆಲಸವಾಗಿತ್ತು .\n", [4]], "175": ["ಕೋರ್ಟ್ ತೀರ್ಪು ದಿನಿ .", "ನ್ಯಾಯಾಲಯ ತನ್ನ ತೀರ್ಪು ನೀಡಿದೆ .", "ನ್ಯಾಯಾಲಯವು ತೀರ್ಪು ನೀಡಿದೆ .\n", [4, 5]], "500": ["ಮ ಅಜಿ ಘಣ್ ಸಾಮಾನ್ ಲೆರ್ ಚ .", "ನಾನು ಇನ್ನೂ ಖರೀದಿಸಲು ಬಹಳಷ್ಟು ವಸ್ತುಗಳನ್ನು ಹೊಂದಿದ್ದೇನೆ .", "ನಾನು ಇನ್ನೂ ಬಹಳಷ್ಟು ವಿಷಯಗಳನ್ನು ಖರೀದಿಸಲು ಬಯಸುತ್ತೇನೆ .\n", [5]], "638": ["ಮ ತೀನ್ ತಾಸೇರ್ ವಾಟ್ ದೇಕರೊಚು .", "ನಾನು ಮೂರು ಗಂಟೆಗಳ ಕಾಲ ಕಾಯುತ್ತಿದ್ದೇನೆ .", "ನಾನು ಮೂರು ಗಂಟೆಗಳ ಕಾಯುತ್ತಿದ್ದೇನೆ .\n", [4]], "11": ["ಮ ವೊನ ಧುನ್ದಣು .", "ನಾನು ಅದನ್ನು ಕಂಡುಹಿಡಿಯಬೇಕು .", "ನಾನು ಅವನನ್ನು ಹುಡುಕಬೇಕು .\n", [3]], "628": ["ಓನ್ ಸೆ ಲೊಕುವನು ಮಾಯಿ ಚರ್ಚೆ ನಕರಣು .", "ಅದನ್ನು ಸಾರ್ವಜನಿಕವಾಗಿ ಚರ್ಚಿಸಬಾರದು .", "ಅದನ್ನು ಪ್ರತಿಯೊಬ್ಬರೂ ಜನತೆಯಲ್ಲಿ ಚರ್ಚಿಸಬೇಕು .\n", [5, 1]], "330": ["ವು ಹಮೇನ್ ಚಾವಜೋಣ ಮಾಣಸ್ ಚ .", "ಅವನು ನಮಗೆ ಬೇಕಾದ ವ್ಯಕ್ತಿ .", "ಅವರು ನಮಗೆ ಬೇಕಾದ ವ್ಯಕ್ತಿ .\n", [5]], "213": ["ಕಾಯಿ ಅಧ್ಯಯನ ಕರೋ ಮತ್ .", "ಏನನ್ನೂ ಅಧ್ಯಯನ ಮಾಡಬೇಡಿ .", "ಏನು ಅಧ್ಯಯನ ಮಾಡಬೇಡಿ .\n", [5]], "389": ["ಮ ಓರ್ ವಾತೇ ಕನ್ನಾವನಾ ಸಾಮಳುಚು .", "ನಾನು ಅವನ ಮಾತನ್ನು ನಿಯಮಿತವಾಗಿ ಕೇಳುತ್ತಿದ್ದೇನೆ .", "ನಾನು ಅವನ ಮಾತನ್ನು ಕೇಳುತ್ತೇನೆ .\n", [4]], "301": ["ಗಾವಡಿ ಏಕ್ ಪಿಲ್ಲಾ ಜಣಿ .", "ಹಸು ಹೊಸ ಕರುವಿಗೆ ಜನ್ಮ ನೀಡಿತು .", "ಹಸು ಒಂದು ಮರಿಗಳು .\n", [4]], "784": ["ಮಾ ಪಾಪುನ ಛಾತಿರ ದೂಧ್ ಪರಾಯೆರ್ ಛೋಡಾಯೆನ್ ಚಾವತೋ .", "ಮಹಿಳೆಯು ಮಗುವನ್ನು ಎದೆ ಹಾಲಿನಿಂದ ಹೊರಹಾಕಲು ಬಯಸಿದರೆ .", "ತಾಯಿ ಮಗುವನ್ನು ಎದೆಯಿಂದ ಹಾಲು ಹಾಕಲು ಬಯಸಿದರೆ .\n", [3]], "729": ["ಹೇ! ಕೃಷ್ಣಾ ದೂದ್ ಪಿ ದೂದ್ ಪಿ .", "ಓ! ಕೃಷ್ಣ ಕುಡಿಯಲು ಹಾಲು ಕುಡಿಯಲು ಹಾಲು .", "ಓ! ಕೃಷ್ಣ ಹಾಲು ಸೇರಿಸಿ .\n", [1]], "609": ["ವೊರ್ ಮಾ ಬಾಪ್ ಕುಣ ಚ ವೊನ್ ಮಾಲಮ್ ಛೆನಿ .", "ಅವಳ ಹೆತ್ತವರು ಯಾರೆಂದು ಅವಳಿಗೆ ತಿಳಿದಿಲ್ಲ .", "ಅವನ ಪೋಷಕರು ಯಾರು ಎಂಬುದು ಅವನಿಗೆ ತಿಳಿದಿಲ್ಲ .\n", [5]], "965": ["ಪಕ್ಷಿನೋ ವೋರ ಪಾಣಿರ ತರಸ್ ಹಟಾಯೆನ ಮದದ್ ಕಿದೆ .", "ಹಕ್ಕಿಗಳು ಅವಳ ಬಾಯಾರಿಕೆಯನ್ನು ನೀಗಿಸಲು ಸಹಾಯ ಮಾಡಿದವು .", "ಪಕ್ಷಿಗಳು ಅವಳ ಬಾಯಾರಿಕೆಯನ್ನು ನೀಗಿಸಲು ಸಹಾಯ ಮಾಡಿದವು .\n", [5]], "613": ["ವೊ ವು ಲಾಮಲ ಜೋಣ ಸೆಮಾನ್ ದೇಕಚ .", "ಅವನು ತಂದ ಸಾಮಾನುಗಳನ್ನು ಪರಿಶೀಲಿಸಲಾಗುತ್ತದೆ .", "ಅವರು ತಂದ ಬಟ್ಟೆಗಳನ್ನು ನೋಡುತ್ತಾರೆ .\n", [3]], "401": ["ಮನ್ ಕಾಂಯಿ ಮಾಲಮ್ ಛೆನಿ ಕೆನ್ ವಾದ ಕಿದೋ .", "ತನಗೇನೂ ಗೊತ್ತಿಲ್ಲ ಎಂದು ವಾದಿಸಿದರು .", "ನನಗೆ ಏನೂ ಗೊತ್ತಿಲ್ಲ ಎಂದು ನಾನು ವಾದಿಸಿದರು .\n", [5]], "865": ["ಅನೌಪಚಾರಿಕ ಸಾಮಾಜಿಕ ಭಳೆನ ಮಾಟಿನೊ ಏಕಾದ್ ಸಲಾ ಜಾವಚ .", "ಅನೌಪಚಾರಿಕ ಸಾಮಾಜಿಕ ಭೇಟಿಗಾಗಿ ಪುರುಷರು ಅಪರೂಪವಾಗಿ ಮುಖ್ಯ ಹಳ್ಳಿಗೆ ಹೋಗುತ್ತಾರೆ .", "ಅನೌಕ ಸಾಮಾಜಿಕ ಸಾಮಾಜಿಕ ಭೇಟಿಯಾಗಲು ಪುರುಷರು ಕೆಲವೊಮ್ಮೆ ಹೋಗುತ್ತಾರೆ .\n", [3]], "764": ["ವೆರೋ ಅಸಂಭವ್ ಚ ಕೆನ್ ಅನಸಾರಿಚ .", "ಆದರೆ ಸಾಧ್ಯತೆ ಅಸಂಭವವೆಂದು ತೋರುತ್ತದೆ .", "ಸಂಭವಿಸುವುದು ಅಸಾಧ್ಯವಾಗಿದೆ ಎಂದು ತೋರುತ್ತದೆ .\n", [4]], "217": ["ಉ ಏಕ್ ಸರಳ್ ಚಿತ್ರ ಛ .", "ಅದೊಂದು ಸರಳ ಚಿತ್ರ .", "ಅದೊಂದು ಸರಳ ಚಿತ್ರ .\n", [3]], "699": ["ವೊ ಪ್ರಕೃತಿರ ಚಮತ್ಕಾರೇರ ಪೂಜಾ ಕರಚ .", "ಅವರು ಪ್ರಕೃತಿಯ ಅದ್ಭುತಗಳು ಮತ್ತು ಅದ್ಭುತಗಳನ್ನು ಪೂಜಿಸುತ್ತಾರೆ .", "ಅವರು ಪ್ರಕೃತಿಯ ಭಯದ ಪೂಜಿಸುತ್ತಾರೆ .\n", [4, 5]], "113": ["ಮ ಗೆದ್ದಣು .", "ನಾನು ಗೆಲ್ಲಬೇಕು .", "ನಾನು ಗೆಲ್ಲಬೇಕು .\n", [4]], "907": ["ಮ ಮಿಂಡಿರ ಪಿಲ್ಲಾರ ಕಾಟಮಲೆ ಜೋಣ ನಡ್ದಿನ ಬಾತ್ರೂಮೆಮ ಫೇಕಮಲೋಚು .", "ಕುರಿಮರಿಯ ಕತ್ತರಿಸಿದ ಕತ್ತನ್ನು ಸ್ನಾನದ ಕೋಣೆಯಲ್ಲಿ ಎಸೆದಿದ್ದೇನೆ .", "ಕುರಿಮರಿಯ ಮೇರಿಯನ್ನು ನಾನು ಕಡಿದಿರುವ ಬಾತ್ರೂಮ್ ಅನ್ನು ಎಸೆಯುತ್ತಿದ್ದೆ .\n", [3]], "916": ["ಏ ದೊಯೀ ವನವಾಸಿ ಜಾತಿನುಮ ವೂನೂರ ಅಸ್ತಿತ್ವೇರ ವಾಸ ಲಡಾಯಿ ಚಾಲರಿತಿ .", "ಈ ಎರಡು ಅರಣ್ಯವಾಸಿ ಬುಡಕಟ್ಟುಗಳ ನಡುವೆ ತಮ್ಮ ಉಳಿವಿಗಾಗಿ ಹೋರಾಟ ನಡೆಯುತ್ತಿತ್ತು .", "ಈ ಎರಡೂ ನವಾಬಿ ಜಾತಿಗಳಲ್ಲಿ ಅವರ ಅಸ್ತಿಗಳಿಂದ ಹೋರಾಡುತ್ತಿತ್ತು .\n", [4]], "340": ["ತಮ್ ಮಾತಿ ಭೀ ಮಾಂದೆ ಛೋ .", "ನೀವು ನನಗಿಂತ ಕೆಟ್ಟವರು .", "ನೀವು ನನಗಿಂತ ಕೆಟ್ಟದ್ದು .\n", [3]], "684": ["ವು ವೊನ ವಿಚ್ಛೇದನ ದೇನ ಚಾವರೊತೊ .", "ಆಕೆಗೆ ವಿಚ್ಛೇದನ ನೀಡಲು ಬಯಸಿದ್ದರು .", "ಅವನು ಅವಳಿಗೆ ವಿಚ್ಛೇದನ ನೀಡಲು ಬಯಸಿದನು .\n", [4]], "763": ["ಧೊಳೋ ರಂಗ್ ಶಾಂತಿರ ಪ್ರತೀಕ್ ಚ .", "ಬಿಳಿ ಬಣ್ಣವು ಶಾಂತಿಯನ್ನು ಸಂಕೇತಿಸುತ್ತದೆ .", "ಬಿಳಿ ಬಣ್ಣವು ಶಾಂತಿಯ ಪ್ರತೀಕ .\n", [4]], "492": ["ಅತರಾ ಸೆ ಆವಾಜ ಕಾ೦ಯೀ ಛ ?", "ಇಷ್ಟೆಲ್ಲಾ ಸದ್ದು ಏನು ?", "ಅಷ್ಟು ಎಲ್ಲಾ ಸದ್ದು ಏನು ?\n", [3]], "245": ["ಕೃಪಯಾ ಮನ್ ಪಾಂಚ್ ರಪಿಯಾ ದೊ .", "ದಯವಿಟ್ಟು ಐದು ರೂಪಾಯಿ ಕೊಡಿ .", "ದಯವಿಟ್ಟು ನನಗೆ ಐದು ರೂಪಾಯಿ ಕೊಡಿ .\n", [5]], "664": ["ಓ ವಿಷಾದ ವ್ಯಕ್ತ ಪಡ್ ಸಾಯೇಚ .", "ಅವರು ವಿಷಾದ ವ್ಯಕ್ತಪಡಿಸಿದ್ದಾರೆ .", "ಅವರು ವಿಷಾದಿಸಿದರು .\n", [4]], "686": ["ಕುವಾರ್ ಛೋರಾನ್ ಗಿರಫ್ತಾರ ಕರಮಲೆತೆ .", "ಹದಿಹರೆಯದ ಬಾಲಕನನ್ನು ಬಂಧಿಸಲಾಗಿದೆ .", "ನಾಯಕ ಹುಡುಗನನ್ನು ಬಂಧಿಸಲಾಗಿತ್ತು .\n", [5]], "932": ["ವಾಯಾ ವೆಜಾವ ಜೇರ ಪಚ ಯೆತಡು ಅನ ನವಲೇರಿರ ಪರ ಹಳದ ಛಣಕಚ .", "ಮದುವೆಯ ನಂತರ ವಧು ಮತ್ತು ವರನಿಗೆ ಅರಿಶಿನ ಪುಡಿಯನ್ನು ಸಿಂಪಡಿಸಲಾಗುತ್ತದೆ .", "ವಿವಾಹದ ನಂತರ ವರನು ಮತ್ತು ವಧುವಿನ ಕಂಬದ ಮೇಲೆ ಅರಿಶಿನವನ್ನು ಕೊಳೆಯುತ್ತಾನೆ .\n", [5]], "30": ["ಏನ್ ಸೆ ಪ್ರತಿಭಟನೆ ಕರಣು .", "ಇದನ್ನು ಎಲ್ಲರೂ ಪ್ರತಿಭಟಿಸಬೇಕು .", "ಇದನ್ನು ಎಲ್ಲ ಪ್ರತಿಭಟಿಸಬೇಕು .\n", [5]], "849": ["ಹಂಗೊಳಿ ವೇಗಿ ಜೆರಪಚ್ ಸೂರ್ಯ ಬೆಳಗೊಚ್ .", "ಸ್ನಾನ ಮುಗಿದ ನಂತರ ಮತ್ತೆ ಸೂರ್ಯ ಬೆಳಗಿದನು .", "ಸ್ನಾನ ಮುಗಿದ ನಂತರ ಸೂರ್ಯ ಬೆಳಗಿದರು .\n", [5]], "157": ["ಹಾತ್ ಧೊಯೆರ್ ಜರೂರಿ ಚ .", "ಕೈ ತೊಳೆಯುವುದು ಅತ್ಯಗತ್ಯ .", "ಕೈಗಳನ್ನು ತೊಳೆಯುವುದು ಅವಶ್ಯಕ .\n", [5, 5]], "486": ["ಮ ಇ ಕಾಮ್ ಕರತೋ ರೇರ್ ವೇನಿ .", "ನಾನು ಈ ಕೆಲಸವನ್ನು ಮುಂದುವರಿಸಲು ಸಾಧ್ಯವಿಲ್ಲ .", "ನಾನು ಈ ಕೆಲಸವನ್ನು ಮಾಡಲಾರೆ .\n", [5]], "110": ["ದಸೆಕ್ ವಾಳ ಚ .", "ಸ್ವಲ್ಪ ಗಾಳಿ ಇದೆ .", "ಸ್ವಲ್ಪ ಗಾಳಿ ಇದ್ದಾರೆ .\n", [2]], "191": ["ವನೂರ್ ಸಂಗೀತ್ ಘಣ ಠೀಕ್ ಛ .", "ಅವರ ಸಂಗೀತ ಗಮನಾರ್ಹವಾಗಿದೆ .", "ಅವರ ಸಂಗೀತ ಅದ್ಭುತವಾಗಿದೆ .\n", [5]], "706": ["ಮನ್ ಸೂಟಿ ವೇತ್ತಿ ಜನಾ ದಾಡ್ಡಿ ಪಾಣಿ ಪಡತಿತಿ .", "ನನ್ನ ರಜಾದಿನಗಳಲ್ಲಿ ಪ್ರತಿದಿನ ಮಳೆ ಬರುತ್ತಿತ್ತು .", "ನನಗೆ ಪ್ರತಿದಿನ ರಜೆ ಮಳೆ ಸುರಿಯುತ್ತಿದ್ದೆ .\n", [5]], "588": ["ಹಾಸೆರೊ ಆರೋಗ್ಯೆನ್ ಸುಧಾರಣೆ ಕರಚ್ .", "ನಗು ಆರೋಗ್ಯವನ್ನು ಸುಧಾರಿಸುತ್ತದೆ .", "ನಗು ಆರೋಗ್ಯಕ್ಕೆ ಸುಧಾರಿಸುತ್ತದೆ .\n", [5]], "693": ["ಯೇತಿ ಧಾರ್ಮಿಕ ಭಾವನೆನ್ ಧಕ್ಕೆ ವೇಮಲಿಚ್ .", "ಇದರಿಂದ ಧಾರ್ಮಿಕ ಭಾವನೆಗಳಿಗೆ ಧಕ್ಕೆಯಾಗಿದೆ .", "ಇದರಿಂದ ಧಾರ್ಮಿಕ ಭಾವನೆಗಳಿಗೆ ಹಾನಿಯಾಗಿದೆ .\n", [5]], "216": ["ಹಮ್ ಅಜಿ ವಾತೇ ಕರಾನಿ .", "ನಾವು ಇನ್ನು ಮಾತನಾಡುವುದಿಲ್ಲ .", "ನಾವು ಇನ್ನು ಮಾತನಾಡುವುದಿಲ್ಲ .\n", [5]], "69": ["ಓನ್ ಛಿಜಿಯಾಪರ್ ವೆತ್ತೆಕೋನಿ .", "ಅವನಿಗೆ ಮಕ್ಕಳಿರಲಿಲ್ಲ .", "ಆಕೆಗೆ ಮಕ್ಕಳು ಇರಲಿಲ್ಲ .\n", [5]], "327": ["ಪರೀಕ್ಷಾ ಸಾರು ಠೀಕ್ ಓದೋ ಚು .", "ಪರೀಕ್ಷೆಗೆ ಚೆನ್ನಾಗಿ ಓದಿದೆ .", "ಪರೀಕ್ಷೆಗೆ ಚೆನ್ನಾಗಿ ಓದಿ .\n", [4]], "431": ["ಈ ಮಾಣಸ ಓರ್ ಮಿತಿ ಸಮಜಣು .", "ಒಬ್ಬ ವ್ಯಕ್ತಿಯು ತನ್ನ ಮಿತಿಗಳನ್ನು ತಿಳಿದುಕೊಳ್ಳಬೇಕು .", "ಈ ವ್ಯಕ್ತಿ ತನ್ನ ಮಿತಿಯಿಂದ ಅರ್ಥಮಾಡಿಕೊಳ್ಳಬೇಕು .\n", [4]], "524": ["ವೊನ ವೋರ ಸಮುದಾಯರ ಮಾಣಸ ಚಿಡಾವಚ .", "ಆತನನ್ನು ತನ್ನ ಸಮುದಾಯದ ಜನರು ಗೇಲಿ ಮಾಡುತ್ತಾರೆ .", "ಅವರು ತನ್ನ ಸಮುದಾಯದ ಸದಸ್ಯರ ಚಿತಾಗುತ್ತಾರೆ .\n", [4]], "715": ["ಫೋಟೋ ಇಂಟೆರ್ನೆಟ್ಟೇತಿ ಲೇಮಲೆಚ .", "ಚಿತ್ರವನ್ನು ಅಂತರ್ಜಾಲದಿಂದ ತೆಗೆದುಕೊಳ್ಳಲಾಗಿದೆ .", "ಫೋಟೋವನ್ನು ಇಂಟರ್ನೆಗಳಿಂದ ತೆಗೆದುಕೊಳ್ಳಲಾಗಿದೆ .\n", [3]], "482": ["ತೋನ್ ಸೇಜ ಜಾಗಾನೊ ಮಾಲಮ್ ಛ ಕ ?", "ನಿಮಗೆ ಎಲ್ಲಾ ಸ್ಥಳಗಳು ತಿಳಿದಿದೆಯೇ ?", "ನಿಮಗೆ ಎಲ್ಲಾ ಸ್ಥಳಗಳು ತಿಳಿದಿದೆಯೇ ?\n", [4, 5]], "745": ["ವು ಎ ಸಮಸ್ಯೆಪರ್ ದೀ ವರ್ಸೆರ್ ಕಾಮ್ ಕರ್ರೋಚ .", "ಅವರು ಎರಡು ವರ್ಷಗಳಿಂದ ಈ ಸಮಸ್ಯೆಯ ಮೇಲೆ ಕೆಲಸ ಮಾಡುತ್ತಿದ್ದಾರೆ .", "ಅವರು ಈ ಸಮಸ್ಯೆಯಲ್ಲಿ ಎರಡು ವರ್ಷಗಳ ಕೆಲಸ ಮಾಡುತ್ತಿದ್ದಾರೆ .\n", [5, 5]], "381": ["ವೊ ವೊರ್ ಬಗ್ಗೆ ಚಿಂತ್ಯಾ ಕರೆನಿ .", "ಅವರು ಅದರ ಬಗ್ಗೆ ಚಿಂತಿಸುವುದಿಲ್ಲ .", "ಅವರು ಅದರ ಬಗ್ಗೆ ಚಿಂತಿಸುವುದಿಲ್ಲ .\n", [5]], "942": ["ದಸೆಕ್ ಡಾವ್ ಮಾಣಸ ಲಾರ್ ವೂನುಮ ಘಣ ಅಪರಾಧ ವೇಮಲೇಚ ಕೇನ ಸ್ವೀಕಾರ್ ಕರಚ .", "ಆದಾಗ್ಯೂ, ಕೆಲವು ವೃದ್ಧರು ತಮ್ಮಲ್ಲಿ ಹಿಂದೆ ಸಾಕಷ್ಟು ಅಪರಾಧಗಳು ನಡೆದಿವೆ ಎಂದು ಒಪ್ಪಿಕೊಳ್ಳುತ್ತಾರೆ .", "ಕೆಲವು ಹಿರಿಯರು ಅವರನ್ನು ಬಹಳ ಅಪರಾಧ ಎಂದು ಸ್ವೀಕರಿಸುತ್ತಾರೆ .\n", [5]], "426": ["ಘಣ್ ಮಾಟಿನೊ ಭೀ ಖೇತೇರ್ ಕಾಮ್ ಕರಚ .", "ಬಹಳಷ್ಟು ಗಂಡಸರು ಕೂಡ ಕೃಷಿ ಕಾರ್ಮಿಕರಲ್ಲಿ ಭಾಗವಹಿಸುತ್ತಾರೆ .", "ಹಲವಾರು ಪುರುಷರು ಸಹ ಕೃಷಿ ಕಾರ್ಯಾಚರಣೆಯನ್ನು ತೊಡಗುತ್ತಾರೆ .\n", [5]], "279": ["ಮನ್ ತಾರ್ ಕನ್ನೇತಿ ಪೀಸಾ ಚಾವ .", "ನನಗೆ ನಿನ್ನಿಂದ ಹಣ ಬೇಕು .", "ನನಗೆ ನಿನ್ನ ಹತ್ತಿರದಿಂದ ಹಣ ಬೇಕು .\n", [5]], "285": ["ಮಾರ ಘರ ಠಾಲೋ ವೇತ್ತೋ ಕೋನಿ .", "ನನ್ನ ಮನೆ ಖಾಲಿ ಇರಲಿಲ್ಲ .", "ನನ್ನ ಮನೆ ಖಾಲಿಯಾಗಿರಲಿಲ್ಲ .\n", [4]], "807": ["ತಮ್ ತಮಾರ್ ಛಿಜ್ಯಪರೇರ್ ಭವಿಷ್ಯೆರ್ ಯೋಜನೆ ಕರೊಚೊ .", "ನಿಮ್ಮ ಮಕ್ಕಳ ಭವಿಷ್ಯಕ್ಕಾಗಿ ಯೋಜನೆ ರೂಪಿಸುವಿರಿ .", "ನಿಮ್ಮ ಮಕ್ಕಳ ಭವಿಷ್ಯದ ಯೋಜನೆಯನ್ನು ನೀವು ಯೋಜಿಸುತ್ತೀರಿ .\n", [5]], "270": ["ವನೂರ್ ದೋಇ ಛೋರಿ ವನೂರ್ ವಾಯಾ ವೇಮಲಿಚ್ .", "ಅವರ ಇಬ್ಬರು ಹೆಣ್ಣುಮಕ್ಕಳಿಗೆ ಮದುವೆಯಾಗಿದೆ .", "ಅವರಿಬ್ಬರೂ ತಮ್ಮ ಮದುವೆಯಾಗಿದ್ದಾರೆ .\n", [4]], "837": ["ಮ ಕಾಲೇನ ರಾತೇನ್ ಘಣ ಮಸ್ತ್ ನಿಂದ ಕಿದೋ .", "ನಾನು ಕಳೆದ ರಾತ್ರಿ ಚೆನ್ನಾಗಿ ಮಲಗಿದ್ದೆ .", "ನಾನು ನಿನ್ನೆ ರಾತ್ರಿ ತುಂಬಾ ಚೆನ್ನಾಗಿ ನಿಶಾಯಿಸಿದೆ .\n", [5]], "37": ["ಹಮೆನ್ ಕತ್ರಾ ಟೈಮ್ ಛ .", "ನಮಗೆ ಎಷ್ಟು ಸಮಯವಿದೆ ?", "ನಮಗೆ ಎಷ್ಟು ಸಮಯ ಇದೆ ?\n", [4]], "467": ["ಮಾರ ಜೀವನಾಮ ಸಂತೋಷ ಛೆನಿ .", "ನನ್ನ ಜೀವನದಲ್ಲಿ ಸಂತೋಷವಿಲ್ಲ .", "ನನ್ನ ಜೀವನದಲ್ಲಿ ಸಂತೋಷವಿಲ್ಲ .\n", [3]], "441": ["ದೂದೆಮಾಯಿ ಸಕ್ಕರ್ ಠೀಕ್ ಭೇಳೋ .", "ಹಾಲಿನಲ್ಲಿ ಸಕ್ಕರೆಯನ್ನು ಸರಿಯಾಗಿ ಮಿಶ್ರಣ ಮಾಡಿ .", "ಹಾಲು ಸೇರಿಸಿ ಸಕ್ಕರೆ ಚೆನ್ನಾಗಿ ಮಿಶ್ರಣ ಮಾಡಿ .\n", [5]], "271": ["ವಾಯಾ ಮಾಯಿ ಪ್ರೀತಿ ಕತ್ರಾ ಮುಖ್ಯ ಛ .", "ಮದುವೆಯಲ್ಲಿ ಪ್ರೀತಿ ಎಷ್ಟು ಮುಖ್ಯ ?", "ಮದುವೆ ಸಮಾರಂಭದಲ್ಲಿ ಎಷ್ಟು ಮುಖ್ಯ ?\n", [4]], "89": ["ವೊ ಹಮೇನ್ ಲಬಾಡಿ ಕೆ .", "ಅವರು ನಮಗೆ ಸುಳ್ಳು ಹೇಳಿದರು .", "ಅವರು ನಮಗೆ ಸುಳ್ಳು ಎಂದರು .\n", [5]], "964": ["ಪುಸ್ತಕೇರ ಅಂತೇರ ಭಾಗೇಮ್ ಗಡಬಡೆರ್ ಲಕ್ಷಣ ದಿಕಾವಚ .", "ಪುಸ್ತಕದ ಕೊನೆಯ ಭಾಗವು ಆತುರದ ಲಕ್ಷಣಗಳನ್ನು ತೋರಿಸುತ್ತದೆ .", "ಪುಸ್ತಕದ ಅಂತ್ಯಭಾಗದಲ್ಲಿ ಎಳೆದ ಲಕ್ಷಣಗಳು ಕಂಡುಬರುತ್ತವೆ .\n", [3]], "563": ["ಹರ್ ಏಕ್ ಮಾಟಿ ಹರ್ ಏಕ್ ಬಾಯಿಗೋಳೆನ ಮರ್ಯಾದಿ ದೇಣು .", "ಪ್ರತಿಯೊಬ್ಬ ಪುರುಷನು ಪ್ರತಿ ಮಹಿಳೆಯನ್ನು ಗೌರವಿಸಬೇಕು .", "ಪ್ರತಿಯೊಬ್ಬ ವ್ಯಕ್ತಿಯೊಬ್ಬ ಮಹಿಳೆಯರನ್ನು ಗೌರವಿಸಬೇಕು .\n", [5]], "748": ["ಗೋಳಾ ಕರೆರ್ ರಸ್ತಾನ ನಿರ್ದಿಷ್ಟ ಕರನು .", "ಶೇಖರಣಾ ಮಾರ್ಗವನ್ನು ನಿರ್ದಿಷ್ಟಪಡಿಸಬೇಕು .", "ಹೂಡಿಕೆ ಮಾಡಬಹುದಾದ ದಾರಿಯಲ್ಲಿ ನಿರ್ದಿಷ್ಟಪಡಿಸಬೇಕು .\n", [5]], "876": ["ಮಹೇಂದ್ರ ಅನ್ ದುಸರ್ ಸೆ ವಾಯಾಮಾಯಿ ಆಮ್ಲೆತೆ .", "ಮಹೇಂದ್ರ ಮತ್ತಿತರರು ವಿವಾಹ ಸಮಾರಂಭದಲ್ಲಿ ಉಪಸ್ಥಿತರಿದ್ದರು .", "ಮಹೇಂದ್ರ್ ಮತ್ತಿತರರು ಮದುವೆಯಲ್ಲಿ ಪಾಲ್ಗೊಂಡಿದ್ದರು .\n", [3]], "859": ["ಏ ತಾಂಡೆಮ ಏಕ ನಾಣಕಿಸ ವಾವಡಿಚ .", "ಈ ಗ್ರಾಮದಲ್ಲಿ ಸಣ್ಣ ಕೊಳವಿದೆ .", "ಈ ಊರಿನಲ್ಲಿ ಒಂದು ಚಿಕ್ಕದಾಗಿದೆ .\n", [1]], "128": ["ಉ ಹುಯಿಕೋನಿ .", "ಅದು ಆಗಲಿಲ್ಲ .", "ಅದು ಆಗಲಿಲ್ಲ .\n", [5]], "669": ["ವು ವೊನ ತೋನ ಕ್ಷಮಾ ಮಾಂಗೇನ ಆಯೋಚು ಕೇನ ಕೆ .", "ಆಕೆಯ ಕ್ಷಮೆ ಯಾಚಿಸಲು ಬಂದಿದ್ದೇನೆ ಎಂದು ಉತ್ತರಿಸಿದರು .", "ಅವರು ನಿನ್ನನ್ನು ಕ್ಷಮಿಸಲು ಬಂದಿದ್ದೇನೆ ಎಂದು ಹೇಳಿದರು .\n", [5]], "456": ["ಕತ್ ದೇಕ ಜತ್ ಪಾಣಿ ವೆತ್ತೋ .", "ಎಲ್ಲೆಲ್ಲೂ ನೀರಿತ್ತು .", "ಎಲ್ಲಿ ನೋಡಿ ನೀರು ಇತ್ತು .\n", [5]], "495": ["ಉ ನೈಸರ್ಗಿಕ್ ವಾಗಿ ರೇಣು .", "ಅದು ನೈಸರ್ಗಿಕವಾಗಿರಬೇಕು .", "ಅದು ನೈಸರ್ಗಿಕವಾಗಿ ಉಳಿಯಬೇಕು .\n", [5]], "791": ["ಔಷದೋ ತುಕಾ ವತಾರೇನ್ ಮದತ್ ಕರಚ ಕಾಯಿ ಛೆಯೀ ಕೋ ?", "ಔಷಧಿಗಳು ತೂಕ ಇಳಿಸಿಕೊಳ್ಳಲು ಸಹಾಯ ಮಾಡಬಹುದೇ ?", "ಔಷಧವು ಮುರಿದ ಆತುರಕ್ಕೆ ಸಹಾಯ ಮಾಡುತ್ತದೆಯೇ ?\n", [1]], "305": ["ವೊರ್ ಬೇಟಾ ಖಾಣೊ ಕರೆವಾಳೋಚ .", "ಅವರ ಮಗ ಅಡುಗೆಯವನು .", "ತನ್ನ ಮಗ ಆಹಾರವನ್ನು ತಯಾರಿಸುವವನು .\n", [4]], "388": ["ವೋರ ಬಗ್ಗೆ ಘಣ ಜಾನಪದ ಸಾಕಿನೊ ಕಚ .", "ಅವನ ಬಗ್ಗೆ ಅನೇಕ ಜಾನಪದ ಕಥೆಗಳನ್ನು ಹೇಳಲಾಗುತ್ತದೆ .", "ಅದರ ಬಗ್ಗೆ ಸಾಕಷ್ಟು ಜಾನಪದ ಕಥೆಗಳು ಎನ್ನುತ್ತವೆ .\n", [4]], "78": ["ಉ ಅಜಿ ಆಯೆಕೊಂತಿ .", "ಅವನು ಇನ್ನೂ ಬಂದಿಲ್ಲ .", "ಅವನು ಇನ್ನೂ ಬಂದಿಲ್ಲ .\n", [5, 5]], "674": ["ವು ವೊರ್ ಸಿದ್ಧಾಂತೇನ ಕನ್ನಾಯಿ ರಾಜಿ ವೇನಿ .", "ಅವನು ತನ್ನ ಸಿದ್ಧಾಂತವನ್ನು ಎಂದಿಗೂ ರಾಜಿ ಮಾಡಿಕೊಳ್ಳುವುದಿಲ್ಲ .", "ಅವಳು ತನ್ನ ಸಿದ್ಧಾಂತಕ್ಕೆ ಎಂದಿಗೂ ರಾಜಿ ಮಾಡಿಕೊಳ್ಳುವುದಿಲ್ಲ .\n", [5]], "851": ["ನುಣ ಅನ ಕಾಳಿಮರ್ಚೆ ರುಚಿರ್ ವಾಸ ಘಾಲಚ .", "ಉಪ್ಪು ಮತ್ತು ಮೆಣಸು ರುಚಿಗೆ ಸೇರಿಸಲಾಗುತ್ತದೆ .", "ಉಪ್ಪು ಮತ್ತು ಮೆಣಸಿನ ರುಚಿಗೆ ಸೇರಿಸಲಾಗುತ್ತದೆ .\n", [5, 1, 5]], "23": ["ಮ ಸ್ವಾರ್ಥಿ ಕಾವ .", "ನಾನು ಸ್ವಾರ್ಥಿಯಲ್ಲ .", "ನಾನು ತುಂಬಾ ಸ್ವಾರ್ಥಿ ಅಲ್ಲ .\n", [4]], "982": ["ವು ಸಮಾಜೇರ ಕಲ್ಯಾಣೇರ ವಾಸ ವೊರ ಪ್ರಾಣೇರ ಆಹುತಿ ದಿನೋ .", "ಸಮುದಾಯದ ಶ್ರೇಯೋಭಿವೃದ್ಧಿಗಾಗಿ ತಮ್ಮ ಜೀವನವನ್ನೇ ಮುಡಿಪಾಗಿಟ್ಟರು .", "ಸಮುದಾಯದ ಕಲ್ಯಾಣಕ್ಕಾಗಿ ಅವರ ಜೀವನವನ್ನು ತ್ಯಾಗ ಮಾಡಿದರು .\n", [5]], "727": ["ಏರ್ ಬಗ್ಗೆ ಘಣ ಮೋಟೋ ಚರ್ಚಾ ಚಾಲ್ರಿಚ್ .", "ಈ ಬಗ್ಗೆ ತೀವ್ರ ಚರ್ಚೆ ನಡೆಯುತ್ತಿದೆ .", "ಈ ಬಗ್ಗೆ ಸಾಕಷ್ಟು ದೊಡ್ಡ ಚರ್ಚೆ ನಡೆಯುತ್ತಿದೆ .\n", [5]], "428": ["ಕಾಲೆತಿ ತಾವ್ ದಸೆಕ್ ಕಡ್ಮಿ ಛ .", "ನಿನ್ನೆಯಿಂದ ಜ್ವರ ಸ್ವಲ್ಪ ಮಟ್ಟಿಗೆ ತಗ್ಗಿದೆ .", "ನಿನ್ನೆಯಿಂದ ಸ್ವಲ್ಪ ಜ್ವರವಿದೆ .\n", [4]], "736": ["ಉ ಓನ್ ತೀನ್ ಛಿಜಿಯಾಪರ್ ಜಣನ ದಿನಿಚ .", "ಅವಳು ಅವನಿಗೆ ಮೂರು ಮಕ್ಕಳನ್ನು ಹೆತ್ತಳು .", "ಅವಳು ಅವನನ್ನು ಮೂವರು ಮಕ್ಕಳಿಟ್ಟು ನೀಡಿದಳು .\n", [3]], "415": ["ವತ್ತ ಕಾಯಿ ವೆರಿಚ ಕರನ್ ಮನ್ ಮಾಲಮ್ ಚೇಯಿ .", "ಅಲ್ಲಿ ಏನಾಗುತ್ತಿದೆ ಎಂದು ನನಗೆ ಗೊತ್ತಿಲ್ಲ .", "ಅಲ್ಲಿ ಏನೂ ಆಗುತ್ತಿದೆ ಎಂದು ನನಗೆ ತಿಳಿದಿಲ್ಲ .\n", [5]], "412": ["ವು ಮಾಣಸ್ ಏಕ್ ರತ್ನ ಚ .", "ಅವನು ಒಬ್ಬ ವ್ಯಕ್ತಿಯ ರತ್ನ .", "ಆ ಮನುಷ್ಯ ಒಬ್ಬ ರತ್ನಿ .\n", [4]], "131": ["ಈ ತಮಾರ್ನಾಯಿಚ .", "ಅದು ನಿಮ್ಮ ಹಾಗಿದೆ .", "ಇದು ತಜ್ಞಾನ .\n", [1]], "866": ["ವೂನೂರ್ ಪ್ರತ್ಯೇಕತೆರ್ ಕಾರಣ್ ಘಣ್ ಮಾಣಸ್ ಗರೀಬ್ ಚ .", "ಅವರ ಪ್ರತ್ಯೇಕತೆಯ ಕಾರಣದಿಂದ ಕೆಲವು ವಿಷಯಗಳಲ್ಲಿ ಹೆಚ್ಚಿನ ಜನರು ತುಂಬಾ ಬಡವರಾಗಿದ್ದಾರೆ .", "ಅವರ ಪ್ರತ್ಯೇಕತೆಯಿಂದಾಗಿ, ಅನೇಕ ಬಡವರು .\n", [4]], "112": ["ಈ ಹಮಾರ್ ಛ .", "ಇದು ನಮ್ಮದು !", "ಇದು ನಮ್ಮದು .\n", [5]], "799": ["ಈ ಮಾಟಿ ವನೂರ್ ಓಡೆರೋ ಫೆರೆರೋ ಗುರುತ್ ಕರೋ .", "ಈ ಪುರುಷರ ಉಡುಗೆ ಮತ್ತು ಉಡುಪುಗಳನ್ನು ಗುರುತಿಸಿ .", "ಈ ಪುರುಷರ ಓದುವುದನ್ನು ಗುರುತಿಸಿ .\n", [1]], "208": ["ಮನ್ ವೊನ್ ದೇಕಣು ಅನಸಾರಿಚ .", "ನಾನು ಅವನನ್ನು ನೋಡಲು ಬಯಸುತ್ತೇನೆ .", "ನಾನು ಅದನ್ನು ನೋಡಬೇಕೆಂದು ಬಯಸುತ್ತೇನೆ .\n", [5]], "101": ["ಮ ಅಬ್ ಖಾರೊಚು .", "ನಾನು ಈಗ ತಿನ್ನುತ್ತಿದ್ದೇನೆ .", "ನಾನೀಗ ತಿನ್ನುತ್ತಿದ್ದೇನೆ .\n", [5]], "728": ["ಉ ಏಕ್ ಥಳ್ ಬಂಡೆ ಸಾಮಾನ್ ವೇತ್ತಿ .", "ಅದೊಂದು ಖಾಲಿ ಪಾತ್ರೆಯಾಗಿತ್ತು .", "ಅದೊಂದು ರೀತಿಯ ಬಂಡೆಯನ್ನು ಹೊಂದಿತ್ತು .\n", [4]], "298": ["ಸೇತಿ ದಸೆಕ್ ಅಂತರ್ ರಕಾಡನು .", "ಸಾಮಾಜಿಕ ಅಂತರ ಕಾಯ್ದುಕೊಳ್ಳುವುದು ಮುಖ್ಯ .", "ರಿಂದ ಕೆಲವು ವ್ಯತ್ಯಾಸಗಳನ್ನು ಉಳಿಸಬೇಕು .\n", [1, 5]], "535": ["ವುನೇರ್ ಪರಿವಾರ ಧ್ವಂಸ ವೇಗೆಚ .", "ಅವರ ಕುಟುಂಬಗಳು ಧ್ವಂಸಗೊಂಡಿವೆ .", "ಅವರ ಕುಟುಂಬಗಳು ಧೈರ್ಯವಂಚನೆಯಾಗಿದೆ .\n", [1, 5]], "93": ["ಓರ್ ನಾಮ್ ಕಾ೦ಯೀಚ ?", "ಅವಳ ಹೆಸರೇನು ?", "ಅವನ ಹೆಸರೇನು ?\n", [5]], "513": ["ತು ವೋರ ಕನ್ನೆತ್ತಿ ಕಾಂಯಿ ಲಿದೊಚಿ .", "ನೀವು ಅವನಿಂದ ಏನು ತೆಗೆದುಕೊಂಡಿದ್ದೀರಿ ?", "ನೀವು ಅವನ ಬಳಿ ಏನು ಖರೀದಿಸಿದ್ದೀರಿ ?\n", [5]], "374": ["ಅತ್ತೇತಿ ಉತರ್ ಮತ್ .", "ಇಲ್ಲಿಂದ ಇಳಿಯಬೇಡ .", "ಇಲ್ಲಿಂದ ಇಳಿಯಬೇಡಿ .\n", [1]], "165": ["ರಾಮ್ ಮಾರ್ ಬಾಜು ಹುಬೋಚ .", "ರಾಮ್ ನನ್ನ ಪಕ್ಕದಲ್ಲಿ ನಿಂತಿದ್ದಾನೆ .", "ರಾಮ್ ನನ್ನ ಪಕ್ಕದಲ್ಲಿ ನಿಂತನು .\n", [1]], "615": ["ಅಪವಾಹಾ ನ ಕಾಂಯಿ ಆಧಾರ ಛೆನಿ .", "ವದಂತಿಗೆ ಯಾವುದೇ ಆಧಾರವಿಲ್ಲ .", "ಅಪಹಾಚಹಾ ಆಧಾರರವಿಲ್ಲ .\n", [1]], "145": ["ಇ ಏಕ್ ಪ್ರಮುಖ ಸಾಧನೆ ಚ .", "ಇದು ಪ್ರಮುಖ ಸಾಧನೆಗಳು .", "ಇದೊಂದು ಪ್ರಮುಖ ಸಾಧನೆ .\n", [5]], "460": ["ವು ವೊರ್ ನೊಕರಿ ಗಮಾಸಕಚ .", "ಅವನು ತನ್ನ ಕೆಲಸವನ್ನು ಕಳೆದುಕೊಳ್ಳಬಹುದು .", "ಅವಳು ತನ್ನ ಉದ್ಯೋಗಗಳನ್ನು ಕಳೆದುಕೊಳ್ಳಬಹುದು .\n", [1]], "999": ["ಬಾಯಿಗೋಳೇ ನಾಚಚ ಗಿದಗಾವಚ ಅನ ಮಾಟಿನುನ ವೂನೂರ ಲಕಡಿತಿ ಮಾರಚ .", "ಹೆಂಗಸರು ನೃತ್ಯ ಹಾಡುತ್ತಾರೆ ಮತ್ತು ಪುರುಷರನ್ನು ತಮ್ಮ ಬೆತ್ತಗಳನ್ನು ಎಚ್ಚರಿಕೆಯಿಂದ ಗುರಿಯಿಟ್ಟು ಹೊಡೆಯುತ್ತಾರೆ .", "ನೃತ್ಯವನ್ನು ಹಾಡುತ್ತಾರೆ ಮತ್ತು ಪುರುಷರು ತಮ್ಮ ಮರದ ಮೇಲೆ ಹೊಡೆಸಿಕೊಳ್ಳುತ್ತಾರೆ .\n", [3]], "507": ["ಮಾರ್ ಮಾತೋ ಘಣೋ ದುಕರೊಚ್ .", "ನನ್ನ ತಲೆಯಲ್ಲಿ ತೀವ್ರವಾದ ನೋವನ್ನು ನಾನು ಅನುಭವಿಸುತ್ತೇನೆ .", "ನನಗೆ ತಲೆ ನೋಯುತ್ತಿದ್ದಾನೆ .\n", [3]], "205": ["ಸೆ ಡುಬಗೇಚ್ .", "ಎಲ್ಲರೂ ಮುಳುಗಿದರು .", "ಎಲ್ಲರೂ ಮುಳುಗಿದ್ದಾರೆ .\n", [5]], "358": ["ಕಾರೆ ಮಾಯಿ ಘಣ ಸಮಸ್ಯೆ ಛ .", "ಕಾರು ಸಮಸ್ಯೆಗಳಿಂದ ಬಳಲುತ್ತಿದೆ .", "ಕಾರಿನಲ್ಲಿ ಅನೇಕ ಸಮಸ್ಯೆಗಳಿವೆ .\n", [5]], "53": ["ಅವಕಾಶ ಓ ಕುಣಸ್ ಛ ?", "ಅವಕಾಶಗಳು ಯಾವುವು ?", "ಅವಕಾಶಗಳು ಯಾವುವು ?\n", [5]], "506": ["ಸೊಳಾ ವಿದ್ಯಾರ್ಥಿ ವನುನ್ ಬಹುಮಾನ ದಿನೇಚ .", "ಹದಿನಾರು ವಿದ್ಯಾರ್ಥಿಗಳಿಗೆ ಬಹುಮಾನ ವಿತರಿಸಲಾಯಿತು .", "ಸೋಳಿಗೆ ವಿದ್ಯಾರ್ಥಿಗಳಿಗೆ ಬಹುಮಾನ ನೀಡಲಾಯಿತು .\n", [2]], "742": ["ಯೇತಿ ಚಮಕಣಿರ ವಾತಾವರಣ ವೇಮಲಿಚ .", "ಇದರಿಂದ ಭಯದ ವಾತಾವರಣ ನಿರ್ಮಾಣವಾಗಿದೆ .", "ಇದರಿಂದ ಭಯಭೀರ ವಾತಾವರಣ ನಡೆದಿದೆ .\n", [3, 5]], "830": ["ವೊ ಮೋರೇರ ಭುಂಜಮಲೆ ಜೋಣ ಬೋಟಿ ಖಾರೆ ಜನಾ .", "ಅವರು ನವಿಲಿನ ಹುರಿದ ಮಾಂಸವನ್ನು ತಿನ್ನುತ್ತಿದ್ದಾಗ .", "ಅವರು ಮೋಸ ಮರೆತಿರುವ ಮಾಂಸವನ್ನು ತಿನ್ನುವಾಗ .\n", [1, 4]], "466": ["ಮ ಪುಸ್ತಕೇರ್ ಜಾಂಚ್ ಕರುಚು .", "ನಾನು ಪುಸ್ತಕವನ್ನು ಪರಿಶೀಲಿಸುತ್ತೇನೆ .", "ನಾನು ಪುಸ್ತಕದ ಜಾಂಚ್ ಮಾಡುತ್ತೇನೆ .\n", [3]], "560": ["ಲೇಮನ್ ರೈಸ್ ಕರೆನ್ ಕಾಂಯಿ ಕಾಂಯಿ ಚಾವಚ ?", "ಲೆಮನ್ ರೈಸ್ ಮಾಡಲು ಯಾವ ಪದಾರ್ಥಗಳು ಬೇಕಾಗುತ್ತವೆ ?", "ನನಗೆ ರೈವತ್ತು ಮಾಡಲು ಏನು ಬೇಕು ?\n", [1]], "820": ["ಸರ್ಕಾರ್ ಆಡಳಿತ ಪರೇರ್ ಲಗಾಮ್ ಗಮಾ ಲಿದಿ ಚ .", "ಸರ್ಕಾರವು ಆಡಳಿತದ ಮೇಲಿನ ನಿಯಂತ್ರಣವನ್ನು ಕಳೆದುಕೊಂಡಿದೆ .", "ಸರ್ಕಾರವು ಆಡಳಿತದ ಊರು ಕಳೆದುಕೊಂಡಿತು .\n", [1, 4]], "755": ["ಮನ್ ಕತ್ರಾ ಚಿಂತ್ಯಾ ವೆರೀತಿ ತೋನ್ ಮಾಲಮ್ ಛೆನಿ .", "ನಾನು ಎಷ್ಟು ಚಿಂತಿತನಾಗಿದ್ದೇನೆ ಎಂದು ನಿಮಗೆ ತಿಳಿದಿಲ್ಲ .", "ನನಗೆ ಎಷ್ಟು ಚಿಂತೆಯಾಗುತ್ತಿಲ್ಲ ಎಂದು ನಿಮಗೆ ತಿಳಿದಿಲ್ಲ .\n", [5]], "920": ["ಸೋಸಿಯಲ್ ನೆಟ್ ವರ್ಕಿಂಗ್ ವೆಬ್ ಸೈಟ್ ನೋ ಘಣ್ ಜನಪ್ರಿಯ ವೇಗಿಚ .", "ಸಾಮಾಜಿಕ ಜಾಲತಾಣಗಳು ಬಹಳ ಜನಪ್ರಿಯವಾಗಿವೆ .", "ಸೋಸಿಯಲ್ ನೆಟ್ ವರ್ಷವಿಂಗ್ ಬೈಟ್ ಸೈಟ್ ಬಹಳ ಜನಪ್ರಿಯವಾಗಿದೆ .\n", [5]], "478": ["ವಿದ್ಯಾರ್ಥಿನುನ ಮಿಠಾಯಿ ವೇಟೆ .", "ವಿದ್ಯಾರ್ಥಿಗಳಿಗೆ ಸಿಹಿ ವಿತರಿಸಲಾಯಿತು .", "ವಿದ್ಯಾರ್ಥಿಗಳಿಗೆ ಸಿಹಿತಿಂಡಿಗಳನ್ನು ನೀಡಲಾಯಿತು .\n", [4]], "789": ["ರವೀಂದ್ರನಾಥ್ ಅನ್ ಅಜಿ ಸೆ ಆಮ್ಲೆತೆ .", "ರವೀಂದ್ರನಾಥ್ ಮತ್ತಿತರರು ಉಪಸ್ಥಿತರಿದ್ದರು .", "ರವೀಂದ್ರನಾಥ್ ಮತ್ತು ಇತರರು ಬಂದಿದ್ದರು .\n", [5]], "692": ["ಜಾಸ್ತ್ ಮಾಣಸೇನ ವುಜ್ ಮಳಚ ಜೆರ್ ವೊ ಹಕ್ಕ್ ದಾರ್ ಚ .", "ಹೆಚ್ಚಿನ ಜನರು ಅವರಿಗೆ ಅರ್ಹವಾದದ್ದನ್ನು ಪಡೆಯುತ್ತಾರೆ .", "ಬಹುತೇಕ ಮನುಷ್ಯರಿಗೆ ಅದೇ ಹಕ್ಕು .\n", [2]], "863": ["ಹಮಾರ್ ನಾಳಿ ಯೋಚನೆ ಕ್ರಮಾ ಛ ಕರನ್ ಕಿಚ ಗಂಗಾ .", "ನಾವು ವಿಭಿನ್ನ ಆಲೋಚನಾ ಪ್ರಕ್ರಿಯೆಯನ್ನು ಹೊಂದಿದ್ದೇವೆ ಎಂದು ಗಂಗಾ ಹೇಳಿದ್ದಾರೆ .", "ನಮ್ಮ ಆಲೋಚನೆಗಳು ಕ್ರಮಣವಾಗಿವೆ ಎಂದು ಹೇಳಿ .\n", [4]], "263": ["ತಮ್ ಅತ ಕಾ ಆಮ್ಲೆಚೊ ?", "ನೀನು ಯಾಕೆ ಇಲ್ಲಿಗೆ ಬರುತ್ತಿದ್ದೀಯಾ ?", "ನೀವು ಯಾಕೆ ಇಲ್ಲಿಗೆ ಬಂದಿದ್ದೀರಿ ?\n", [5]], "134": ["ತಮ್ ಕಾ೦ಯೀ ಪುಚ್ರೆಚೊ ?", "ನೀವು ಏನು ಕೇಳುತ್ತಿದ್ದೀರಿ ?", "ನೀವು ಏನು ಕೇಳುತ್ತೀರಿ ?\n", [5]], "28": ["ಹಮೆನ್ ಕತ್ರಾಕೋ ಅವಕಾಶ ಚ .", "ನಮಗೆ ಅನೇಕ ಅವಕಾಶಗಳಿವೆ .", "ನಮಗೆ ಹಲವಾರು ಅವಕಾಶಗಳಿವೆ .\n", [5]], "444": ["ಮ ಸರಿ ಚು ತಮ್ ತಪ್ಪ್ ಛೋ .", "ನಾನು ಸರಿಯಲ್ಲಿದ್ದೇನೆ ಮತ್ತು ನೀವು ತಪ್ಪಾಗಿದ್ದೀರಿ .", "ನಾನು ಸರಿ ನೀವು ತಪ್ಪು .\n", [5]], "918": ["ವುನುಮ್ ಜಾಸ್ತ್ ಮಾಣಸ್ ವ್ಯಾಪಾರಿ ವೇಮಲೆಚ ಅನ ಏಕ್ ಜಾಗಾತಿ ದೂಸರ್ ಜಾಗಾನ ಹಿಂಡಚ .", "ಅವರಲ್ಲಿ ಹೆಚ್ಚಿನ ಜನರು ವ್ಯಾಪಾರಿಗಳಾಗಿದ್ದಾರೆ ಒಂದು ಸ್ಥಳದಿಂದ ಇನ್ನೊಂದು ಸ್ಥಳಕ್ಕೆ ಪಯಣಿಸುತ್ತಾರೆ .", "ಅವರು ಹೆಚ್ಚಿನವರು ವ್ಯಾಪಾರ ಮತ್ತು ಒಂದು ಸ್ಥಳದಿಂದ ಮತ್ತೊಂದಿಗಿದ್ದಾರೆ .\n", [4]], "518": ["ಈ ಸೇರಿ ಸಾರು ಖರಛ್ ಛ ಕಾಯಿ ?", "ಇದು ಎಲ್ಲರಿಗೂ ನಿಜವೇ ?", "ಇದು ಎಲ್ಲರಿಗೂ ನಿಜವಾಗಿದೆಯೇ ?\n", [5]], "836": ["ಹಮ್ ಓರ್ ಸಾರು ಘಣ ವಳಾತಿ ಟೈಮ್ ದೆಕ್ರೆಚಾ .", "ನಾವು ಅವನಿಗಾಗಿ ಬಹಳ ಸಮಯ ಕಾಯುತ್ತಿದ್ದೇವೆ .", "ನಾವು ಅವನಿಗೆ ಬಹಳ ಸಮಯದಿಂದ ಸಮಯ ನೋಡಿದ್ದೇವೆ .\n", [5]], "780": ["ದಸೆಕ್ ಪ್ರದೇಶೇ ಮಾಯಿ ಘಣ ಪಾಣಿ ಪಡೆರೋ ಮುನ್ಸೂಚನೆ ಛ .", "ಕೆಲವು ಪ್ರದೇಶಗಳಲ್ಲಿ ಭಾರೀ ಮಳೆಯಾಗುವ ಮುನ್ಸೂಚನೆ ಇದೆ .", "ಕೆಲವು ಪ್ರದೇಶಗಳಲ್ಲಿ ಭಾರೀ ಮಳೆಯಾಗುವುದು ಮುನ್ಸೂಚನೆ .\n", [5]], "3": ["ತು ಏನ್ ಚೆಕ್ ಕರ್ .", "ನೀವು ಪರಿಶೀಲಿಸಿ .", "ನೀವು ಅದನ್ನು ಪರೀಕ್ಷಿಸು .\n", [4]], "46": ["ವೊನ್ ಅಜಿ ಅರಾಮ್ ಛೆನಿ .", "ಅವನಿಗೆ ಇನ್ನೂ ಹುಷಾರಾಗಿಲ್ಲ .", "ಅವಳಿಗೆ ಇನ್ನೂ ಹುಷಾರಿಲ್ಲ .\n", [4]], "653": ["ತಮ್ ಓನ್ ಕತ್ತಿಭಿ ಖರೀದಿ ಕರ್ಸ್ಕೊಚೊ .", "ನೀವು ಅದನ್ನು ಎಲ್ಲೆಡೆ ಖರೀದಿಸಬಹುದು .", "ನೀವು ಅದನ್ನು ಎಲ್ಲಿಯೂ ಖರೀದಿಸಬಹುದು ?\n", [5, 5]], "268": ["ಮಷೀನ್ ಚಾಲು ಕರೋ .", "ಯಂತ್ರವನ್ನು ಆನ್ ಮಾಡಿ .", "ಯಂತ್ರವನ್ನು ಪ್ರಾರಂಭಿಸಿ .\n", [5]], "74": ["ಏನ್ ಕಾರಣ್ ಕಾ೦ಯೀ ಛ ?", "ಇದಕ್ಕೆ ಕಾರಣವೇನು ?", "ಇದಕ್ಕೆ ಕಾರಣವೇನು ?\n", [5]], "548": ["ಮದ್ಲೆತಿ ಓ ಪೀಸಾ ಬಚಾಡರೇತೇ .", "ಆರಂಭಿಕ ನಿವೃತ್ತಿಯ ದೃಷ್ಟಿಯಿಂದ ಅವರು ತಮ್ಮ ಹಣವನ್ನು ಉಳಿಸಿದರು .", "ಮೊದಲಿನಿಂದ ಅವರು ಹಣವನ್ನು ಉಳಿಸುತ್ತಿದ್ದರು .\n", [5]], "977": ["ಕುಶಲಕರ್ಮಿನುನ ಸೆಮಾನ್ ಸಿಡೆರ್ ಮಿಷನ್ ಬಿ ದೇಮಲೇಚ .", "ಕುಶಲಕರ್ಮಿಗಳು ಹೊಲಿಗೆ ಯಂತ್ರವನ್ನು ಸಹ ಹೊಂದಿದ್ದಾರೆ .", "ಕುಶಲಕರ್ಮಿಗಳನ್ನು ಮಣ್ಣಿನ ಮಿಷನ್ ಕೂಡ ನೀಡಲಾಗುತ್ತದೆ .\n", [3]], "58": ["ಲಾಜ್ ಕರಮತ್ .", "ನಾಚಿಕೆ ಪಡಬೇಡಿ .", "ನಾಚಿಕೆಯಾಗಬೇಡಿ .\n", [4]], "92": ["ಇ ಸಮಸ್ಯೆ ಸರಳ್ ಚ .", "ಈ ಸಮಸ್ಯೆ ಸರಳವಾಗಿದೆ .", "ಇದು ಸಮಸ್ಯೆ ಸರಳವಾಗಿದೆ .\n", [5]], "51": ["ಘರೇರ್ ಭಾರ ಹುಬರೋ .", "ಕಟ್ಟಡದ ಹೊರಗೆ ಕಾಯಿರಿ .", "ಮನೆಯ ಹೊರಗೆ ಕಾಯಿರಿ .\n", [5, 5]], "641": ["ಪಾಣಿ ಪಡ ಜನಾ ಮನ್ ನಾಚೆರೋ ಪಸಂದ್ ಚ .", "ಮಳೆ ಬಂದಾಗ ನಾನು ನೃತ್ಯ ಮಾಡಲು ಇಷ್ಟಪಡುತ್ತೇನೆ .", "ಮಳೆಯ ಸಮಯದಲ್ಲಿ ನಾನು ನೃತ್ಯ ಮಾಡಲು ಇಷ್ಟಪಡುತ್ತೇನೆ .\n", [5]], "233": ["ವು ರಿಸೇತಿ ಮತ್ ಕಿ .", "ಅವಳು ಕೋಪದಿಂದ ಬೇಡ ಎಂದಳು .", "ಅವಳು ಕೋಪದಿಂದ ಹೇಳಿದಳು .\n", [3]], "90": ["ಸೀತಾ ಮಾರ್ ಬೇಟಿ ಚ .", "ಸೀತೆ ನನ್ನ ಮಗಳು .", "ಸೀತೆ ನನ್ನ ಮಗಳಿದ್ದಾಳೆ .\n", [5]], "246": ["ಆವುಚು ಕರನ್ ಉತ್ತರಾ ದಿನೇಚ .", "ಬರುತ್ತೇನೆ ಎಂದು ಉತ್ತರಿಸಿದರು .", "ಬರುತ್ತೇನೆ ಎಂದು ಉತ್ತರಿಸಿದರು .\n", [5]], "629": ["ತು ಮಾರ್ ವಾತೇ ಸಾಂಬಳಿ ಕೋನಿ ಕಾ೦ಯೀ .", "ನೀನು ನನ್ನ ಮಾತು ಕೇಳಲಿಲ್ಲವೇ ?", "ನೀನು ನನ್ನ ಮಾತನ್ನು ಕೇಳಲಿಲ್ಲವೇ ?\n", [5]], "760": ["ವು ಪಾಂಚ್ ನಿಮಿಷೇರ್ ಲಾರ್ ಭಾರ ದರಗೊ .", "ಐದು ನಿಮಿಷಗಳ ಹಿಂದೆ ಅವನು ಹೊರಗೆ ಹೋದನು .", "ಅವರು ಐದು ನಿಮಿಷಗಳ ಹಿಂದೆ ಹೊರಗೆ ಹೋದರು .\n", [5]], "349": ["ಓ ಏನ್ ವಿರೋಧ ಕಿದೆ ಛ .", "ಅವರು ಇದನ್ನು ವಿರೋಧಿಸಿದ್ದಾರೆ .", "ಅವರು ಇದನ್ನು ವಿರೋಧಿಸಿದರು .\n", [5]], "867": ["ವು ವೊ ಪರಿವಾರೇರ್ ಆರ್ಥಿಕ ಸ್ಥಿತಿರ್ ಬಗ್ಗೆ ಮಾಲಮ್ ವೇರ್ ಚಾವರೊತೊ .", "ಅವರು ಕುಟುಂಬದ ಆರ್ಥಿಕ ಸದೃಢತೆಯ ಬಗ್ಗೆ ವಿವರಗಳನ್ನು ತಿಳಿದುಕೊಳ್ಳಲು ಬಯಸಿದ್ದರು .", "ಅವರು ಕುಟುಂಬದ ಆರ್ಥಿಕ ಸ್ಥಿತಿಯ ಬಗ್ಗೆ ತಿಳಿದುಕೊಳ್ಳಲು ಬಯಸಿದ್ದರು .\n", [5]], "997": ["ಈ ಸ್ವಾಭಾವಿಕವಾಗಿ ದೆಶೆಮಾಯಿ ಕ್ರೋಧ ಜಾಸ್ತಿ ಕಿದಿಚ .", "ಇದು ಸ್ವಾಭಾವಿಕವಾಗಿ ದೇಶದಾದ್ಯಂತ ಕ್ರೋಧವನ್ನು ಉಂಟುಮಾಡಿತು .", "ಇದು ಸ್ವಾಭಾವಿಕವಾಗಿ ದೇಶದಲ್ಲಿ ಕ್ರಮವನ್ನು ಹೆಚ್ಚಿಸಿದೆ .\n", [5]], "503": ["ಏ ಸೆ ಗೊಂದಲೆರಚ .", "ಇದೆಲ್ಲವೂ ಗೊಂದಲದ ಸಂಗತಿಯಾಗಿದೆ .", "ಇವೆಲ್ಲವೂ ಗೊಂದಲವಾಗಿವೆ .\n", [5]], "106": ["ಅನ್ ಈ ಬಾಯಿಗೋಳೆ ?", "ಮತ್ತು ಈ ಮಹಿಳೆ ?", "ಮತ್ತು ಇದು ಮಹಿಳೆಯರು ?\n", [5]], "985": ["ಪಣ ಛೋ ಮೀನಾರ್ ಪಚ್ ಛೋರಾ ಘಣ್ ವಿಚಿತ್ರ ಪರಿಸ್ಥಿತಿಮ್ ಮರಗೋ .", "ಆದರೆ ಆರು ತಿಂಗಳ ನಂತರ ಹುಡುಗ ಬಹಳ ವಿಚಿತ್ರವಾದ ಸಂದರ್ಭಗಳಲ್ಲಿ ಸತ್ತನು .", "ಆದರೆ ಆರು ತಿಂಗಳ ನಂತರ ಹುಡುಗ ಬಹಳಷ್ಟು ವಿಚಿತ್ರ ಪರಿಸ್ಥಿತಿಯಲ್ಲಿ ಸತ್ತನು .\n", [5]], "104": ["ಅಜಿ ಕುಣ ಆರೋಚ ?", "ಇನ್ನು ಯಾರು ಬರುತ್ತಿದ್ದಾರೆ ?", "ಬೇರೆ ಯಾರು ಬರುತ್ತಿದ್ದಾರೆ ?\n", [5]], "70": ["ಪ್ರಮುಖ ಸಮಸ್ಯೆ ಕತೋ ಪಾಣಿ .", "ಪ್ರಮುಖ ಸಮಸ್ಯೆ ನೀರು .", "ಪ್ರಮುಖ ಸಮಸ್ಯೆಗಳು ನೀರು .\n", [5]], "567": ["ತಮಾರ್ ಜೋಡಿ ವ್ಯವಹಾರ್ ಕರೆರೋ ಘಣ ಕಷ್ಟಾ ಛ .", "ನಿಮ್ಮೊಂದಿಗೆ ವ್ಯವಹರಿಸುವುದು ತುಂಬಾ ಕಷ್ಟಕರವಾಗಿದೆ .", "ನಿಮ್ಮೊಂದಿಗೆ ವ್ಯವಹರಿಸುವುದು ತುಂಬಾ ಕಷ್ಟ .\n", [5]], "877": ["ದೋಇ ದೆಶೆರ್ ನಡೂರ್ ದ್ವಿಪಕ್ಷೀಯ ಸಂಬಂಧ .", "ಎರಡು ದೇಶಗಳ ನಡುವಿನ ದ್ವಿಪಕ್ಷೀಯ ಸಂಬಂಧ .", "ಎರಡು ದೇಶಗಳ ನಡುವೆಯೂ ವಿಪಕ್ಷೀಯ ಸಂಬಂಧವಿದೆ .\n", [5]], "808": ["ಘರೆಮ್ ತಾರ್ಮೂನ್ ತು ಕ್ವಾರಂಟೈನ್ ಕು ಕರೆಚಿ .", "ಮನೆಯಲ್ಲಿ ನಿಮ್ಮನ್ನು ಕ್ವಾರಂಟೈನ್ ಮಾಡುವುದು ಹೇಗೆ ?", "ಮನೆಯಲ್ಲಿ ನೀವೇ ಬಣ್ಣವನ್ನು ನೀವು ಹೇಗೆ ಮಾಡುತ್ತೀರಿ ?\n", [2]], "207": ["ಈ ಸೇರಿ ಸಾರು ಕಾಮೆನ್ ಆಣು .", "ಇದು ಎಲ್ಲರಿಗೂ ಕೆಲಸ ಮಾಡಬೇಕು .", "ಇದು ಎಲ್ಲರಿಗೂ ಕೆಲಸ ಮಾಡಬೇಕು .\n", [4]], "758": ["ಸೀದಾ ಹುಬರನ ದೊಯೀ ಟಾಂಗ್ ಠೀಕ್ ಮೇಲೋ .", "ನೇರವಾಗಿ ನಿಂತು ಪಾದಗಳನ್ನು ಒಟ್ಟಿಗೆ ಇರಿಸಿ .", "ನೇರವಾಗಿ ಕಾಯಲು ಎರಡೂ ಕಾಲು ಇರಿಸಿ .\n", [3]], "76": ["ಮ ಜಲ್ದಿ ವಾಯಾ ಕರನು .", "ನಾನು ಬೇಗ ಮದುವೆಯಾಗಬೇಕು .", "ನಾನು ಬೇಗ ಮದುವೆಯಾಗಬೇಕು .\n", [5]], "391": ["ಓನ್ ನಂಬಣು ಕರನ್ ಮನ್ ಮಾಲಮ ಛ .", "ಅವನು ನಂಬಲರ್ಹ ಎಂದು ನನಗೆ ತಿಳಿದಿದೆ .", "ಅದನ್ನು ನಂಬಬೇಕೆಂದು ನನಗೆ ತಿಳಿದಿದೆ .\n", [4]], "511": ["ಯೇನ ಛೋಡನ ವೊ ವಾಯಾ ಕರಾವಚ .", "ಇದಲ್ಲದೆ, ಅವರು ಮದುವೆಗಳನ್ನು ಸ್ಥಾಪಿಸುವಲ್ಲಿ ನಿರತರಾಗಿದ್ದರು .", "ಇದಲ್ಲದೆ ಅವರು ಮದುವೆಯಾಗುತ್ತಾರೆ .\n", [4]], "667": ["ತು ಮದ್ಲೇ ದವಾಖನಿನ್ ಜೋ .", "ನೀನು ಮೊದಲು ಆಸ್ಪತ್ರೆಗೆ ಹೋಗು .", "ನೀವು ಹಿಂದೆ ದಾನಕ್ಕೆ ಹೋಗು .\n", [1]], "974": ["ವೊ ವೊತ್ತ ಗುಡಿಮಾಯಿ ಸೇನಜ ಭೇಳೆನ ಬಯಸಚ .", "ಅವರು ದೇವಸ್ಥಾನದಲ್ಲಿ ಒಟ್ಟುಗೂಡಲು ಬಯಸುತ್ತಾರೆ .", "ಅವರು ಅಲ್ಲಿ ದೇವಸ್ಥಾನದಲ್ಲಿ ಸೇರಲು ಬಯಸುತ್ತಾರೆ .\n", [4]], "585": ["ಮ ತಾರ್ ಬಗ್ಗೆ ಕನಾ ವನಾ ವಿಚಾರ್ ಕರುಚು .", "ನಾನು ನಿಮ್ಮ ಬಗ್ಗೆ ಆಗಾಗ್ಗೆ ಯೋಚಿಸುತ್ತೇನೆ .", "ನಾನು ನಿನ್ನ ಬಗ್ಗೆ ಯೋಚಿಸುತ್ತೇನೆ .\n", [4]], "366": ["ವು ಮನ್ ಭಳೆನ್ ಬಲಾಯೋ .", "ಅವರು ನನ್ನನ್ನು ಭೇಟಿ ಮಾಡಲು ಆಹ್ವಾನಿಸಿದರು .", "ಅವರು ನನ್ನನ್ನು ಭೇಟಿ ಮಾಡಲು ಕರೆದರು .\n", [5]], "284": ["ಮಾಹಿತಿ ಕು ಲೇಣು ಕೇನ ಅತ್ ಚ .", "ಮಾಹಿತಿ ಪಡೆಯುವುದು ಹೇಗೆ ಎಂಬುದು ಇಲ್ಲಿದೆ .", "ಮಾಹಿತಿ ಹೇಗೆ ತೆಗೆದುಕೊಳ್ಳಬೇಕೆಂದು ಇಲ್ಲಿದೆ .\n", [5]], "316": ["ಕೃಪಯಾ ಅಜಿ ವಾಪಸ್ ಕೊಚೊ ಕ ?", "ದಯವಿಟ್ಟು ನೀವು ಅದನ್ನು ಪುನರಾವರ್ತಿಸಬಹುದೇ ?", "ದಯವಿಟ್ಟು ಅದನ್ನು ಮತ್ತೆ ಹಿಂತಿರುಗಬಹುದೇ ?\n", [4]], "2": ["ಅವಕಾಶ ಕು ಆಯೀಚ .", "ಅವಕಾಶ ಹೇಗೆ ಬಂತು ?", "ಅವಕಾಶಗಳು ಹೇಗೆ ಬಂತು ?\n", [5]], "887": ["ಸಂಗೀತ ಜಾನಪದ ಸಾಕಿರ ಅಭಿನ್ನ ಅಂಗ ಚ .", "ಸಂಗೀತವು ಜಾನಪದ ಕಲೆಗಳ ಅವಿಭಾಜ್ಯ ಅಂಗವಾಗಿದೆ .", "ಸಂಗೀತ ಜನಪದ ಕಥೆಯ ಅಭಿಪ್ರಾಯವಿದೆ .\n", [3, 5]], "225": ["ತಮ್ ಘಣ ಪ್ರಯತ್ನ ಕರ್ರೆಕೊಂತಿ .", "ನೀವು ಸಾಕಷ್ಟು ಪ್ರಯತ್ನಿಸುತ್ತಿಲ್ಲ .", "ನೀವು ಸಾಕಷ್ಟು ಪ್ರಯತ್ನಿಸುತ್ತಿಲ್ಲ .\n", [5]], "405": ["ಸಸ್ಯಾ ಘಣ ಛಂದ್ ಪ್ರಾಣಿ ಛ .", "ಮೊಲಗಳು ಸುಂದರವಾದ ಪ್ರಾಣಿಗಳಾಗಿವೆ .", "ಮೊಲವು ಅತ್ಯಂತ ಸುಂದರ ಪ್ರಾಣಿಯಾಗಿದೆ .\n", [5]], "544": ["ಜಾನಪದ ಸಾಕಿನೂರ ಬಗ್ಗೆ ಆಸಕ್ತಿ ಕಮ ವೇಗಿಚ .", "ಜನಪದ ಕಥೆಗಳ ಬಗ್ಗೆ ಆಸಕ್ತಿ ಕಡಿಮೆಯಾಗಿದೆ .", "ಜಾನಪದ ಕಥೆಗಳ ಬಗ್ಗೆ ಆಸಕ್ತಿ ಕಡಿಮೆಯಾಗಿದೆ .\n", [5]], "762": ["ಅಧ್ಯಕ್ಷರೇ ವನು ಜೋಡಿ ಸಭೆ ಚಲಾಯೆಚು .", "ಅಧ್ಯಕ್ಷರ ಜತೆ ಸಭೆ ನಡೆಸಿದ್ದೇನೆ .", "ಅಧ್ಯಕ್ಷರು ಅವರನ್ನು ಸಭೆ ನಡೆಸಿದ್ದೇನೆ .\n", [5]], "250": ["ವು ವೊನ ಪೂರಾ ಗಮಾಲಿದೋಚ .", "ಅವನು ಅದನ್ನು ಸಂಪೂರ್ಣವಾಗಿ ಕಳೆದುಕೊಂಡಿದ್ದಾನೆ .", "ಅವರು ಅವನನ್ನು ಸಂಪೂರ್ಣವಾಗಿ ಕಳೆದುಕೊಂಡಿದ್ದಾರೆ .\n", [5]], "594": ["ಮ ವೂನೂರ್ ವಾತೇನ ಅಸಹಮತ್ ಚು .", "ಅವರ ಮಾತುಗಳನ್ನು ನಾನು ಒಪ್ಪುವುದಿಲ್ಲ .", "ಅವರ ಮಾತುಗಳನ್ನು ನಾನು ಸಹಿಸಬೇಡ .\n", [4]], "292": ["ಮ ವಾಳೆಮ ಬಾಣ ಮಾರೋ .", "ನಾನು ಬಾಣವನ್ನು ಗಾಳಿಯಲ್ಲಿ ಹೊಡೆದೆ .", "ನಾನು ಗಾಳಿಯಲ್ಲಿ ಬಾಣವನ್ನು ಬಿದೆ .\n", [5]], "809": ["ಘಣ ಮಾಟಿಓ ಠೀಕ್ ಲಕೆರೊ ತರಬೇತಿ ಲಿದೆಕೊಂತಿ .", "ಅನೇಕ ಪುರುಷರು ಸರಿಯಾಗಿ ಬರೆಯಲು ತರಬೇತಿ ಪಡೆದಿಲ್ಲ .", "ಅನೇಕ ಪುರುಷರು ಸರಿಯಾಗಿ ತರಬೇತಿ ಪಡೆದಿಲ್ಲ .\n", [4]]}