{"841": ["immediately after returning from the work they wash their face .", "ವೊ ಕಾಮೇತಿ ಆತೆ ಸಾತ್ ಮುಂಡೋ ಧೋವಚ", "ವೊ ಕಾಮೇತಿ ಆತೆ ಸಾತ್ ವೂನೂರ್ ಮುಂಡೋ ಧೋಲ", "ಕೆಲಸ ಮುಗಿಸಿ ಬಂದ ತಕ್ಷಣ ಮುಖ ತೊಳೆದುಕೊಳ್ಳುತ್ತಾರೆ .\n", [4]], "691": ["this is the last item of the programme .", "ಈ ಕಾರ್ಯಕ್ರಮೇರ್ ಕಡಿ ಐಟಂ ಛ.", "ಈ ಕಾರ್ಯನೇರ ಆಖರಿ ಸಾಮಾನ್ ಚ", "ಇದು ಕಾರ್ಯಕ್ರಮದ ಕೊನೆಯ ಐಟಂ .\n", [4, 5, 3]], "960": ["the ancestors had imposed different kinds of penalties and punishments", "ವೂರ ಜೀವನರ ದಾಡ್ಡಿ ಕಾಮೇರ ಅಸಹಕಾರ ಶಿಕ್ಷಾ ಚ್", "ಪೂರ್ಯನುನ ನಾಳಿ ದಂಡಾ ಅನ್ ಶಿಕ್ಷಾ ದಿನೆಚ್", "ಪೂರ್ವಜರು ವಿವಿಧ ರೀತಿಯ ದಂಡ ಮತ್ತು ಶಿಕ್ಷೆಗಳನ್ನು ವಿಧಿಸಿದ್ದರು\n", [3]], "740": ["ganderunds are two-headed birds .", "ಗಂಡಭೇರುಂಡನೋ ದೀ ಮುಂಡಿವಾಳ ದೀ ಪಕ್ಷಿನೋ ಚ", "ಗಂಗಾ ದೀ ಮುಂಡಿವಾಳ ದೀ ಪಕ್ಷಿನೋ ಚ", "ಗಂಡಂಡ್ಸ್ ಎರಡು ತಲೆಯ ಪಕ್ಷಿಗಳು .\n", [1]], "516": ["she will not do her homework .", "ವು ವೊರ್ ಘರೇರ್ ಕಾಮ್ ಕರೆನಿ.", "ವು ವೊರ್ ಘರೇರ್ ಕಾಮ್ ಕರೆನಿ.", "ಅವಳು ತನ್ನ ಮನೆಕೆಲಸವನ್ನು ಮಾಡುವುದಿಲ್ಲ .\n", [5]], "609": ["let anybody come and serve food .", "ಕೊಯಿಕ ಆನ ಬಾಟಿ ಘಾಲೊ", "ಕೊಯಿಬಿ ಬಾಟಿ ಘಾಲ ಅನ ಖಾವಚ.", "ಯಾರಾದರೂ ಬಂದು ಊಟ ಬಡಿಸಲಿ .\n", [2]], "652": ["it was not separated for a longtime .", "ವು ಘಣ ವಾಳೆಲಗಾ ದೂರ ವೇತೊ ಕೋನಿ", "ಏನ್ ಘಣ್ ಸಮಯ್ ವೇಗಿಚ.", "ಇದು ದೀರ್ಘಕಾಲ ಬೇರ್ಪಡಿಸಲಾಗಿಲ್ಲ .\n", [1]], "114": ["mohan has one cycle", "ಮೋಹನೇರ ಧಾಯೀ ಏಕ ಸೈಕಲ್ ಚ", "ಮೋಹನ್ ಏಕ್ ಸೈಕಲ್ ಚ.", "ಮೋಹನನ ಹತ್ತಿರ ಒಂದು ಸೈಕಲ್ ಇದೆ\n", [1, 1]], "267": ["it is alright to listen .", "ಸಾಮಳೆನ್ ಠೀಕ್ ಚ.", "ಸಾಮಳೆವಾಳೆರ ಠೀಕ್ ಚ.", "ಕೇಳಲು ಪರವಾಗಿಲ್ಲ .\n", [1]], "814": ["she gets in return a suitable groom as her husband .", "ಯೆರ ಬಡಲೆಮ ವೊನ ಧಣಿ ರ ರೂಪೇಮ ಏಕ ಉಪಯುಕ್ತ ವರ ಮಳಗೊ", "ವು ವೋರ ಧಣಿ ನ ಗೋಣ್ಣಿನ ದೊ", "ಪ್ರತಿಯಾಗಿ ಆಕೆಗೆ ಪತಿಯಾಗಿ ಸೂಕ್ತ ವರ ಸಿಗುತ್ತಾನೆ .\n", [1, 2]], "261": ["try to do it like that .", "ಹನು ಕರೆನ್ ಪ್ರಯತ್ನ ಕರೋ.", "ಹನು ಕರೆನ್ ಪ್ರಯತ್ನ ಕರ್", "ಹಾಗೆ ಮಾಡಲು ಪ್ರಯತ್ನಿಸಿ .\n", [5]], "362": ["i can not understand you .", "ಮನ್ ತೋನ್ ಸಮಜೆರ್ ವೆರಿಕೋನಿ.", "ಮನ್ ತೋನ್ ಸಮಜೆರ್ ವೆರಿಕೊಂತಿ.", "ನಾನು ನಿನ್ನನ್ನು ಅರ್ಥಮಾಡಿಕೊಳ್ಳಲು ಆಗುತ್ತಿಲ್ಲ .\n", [4, 5]], "29": ["i am feeling better ?", "ಮನ್ ಠೀಕ್ ಲಾಗರೋಚ.", "ಮನ್ ಠೀಕ ಲಾಗರೋಚ.", "ನಾನು ಉತ್ತಮ ಭಾವನೆ ಹೊಂದಿದ್ದೇನೆ ?\n", [5]], "797": ["this story belongs to the godsreward and punishment .", "ಏ ಸಾಕಿ ದೇವ ಇನಾಮ ಅನ ಸಜಾ ರ ಬಗ್ಗೆ ಚ", "ಈ ಸಾಕಿ ದೇವಿ ದೇವತಾನುನ ಶಿಕ್ಷಾ ಅನ್ ಶಿಕ್ಷಾ ದಿನೆಚ್", "ಈ ಕಥೆಯು ದೇವರುಗಳು , ಪ್ರತಿಫಲ ಮತ್ತು ಶಿಕ್ಷೆಗೆ ಸೇರಿದೆ .\n", [3]], "235": ["i saw a rose .", "ಮ ಗುಲಾಬಿ ಫೂಲೆನ್ ಡಿಟೆಚು.", "ಮ ಏಕ್ ರೋಹನ ದಿಟೊ.", "ನಾನು ಗುಲಾಬಿಯನ್ನು ನೋಡಿದೆ .\n", [1, 2]], "518": ["the new shoes are small for me", "ನವ ಬೂಟ್ ಮನ ನಾಣಕ್ಯಾ ವೇಗೆಚ", "ನವೋ ಬೂಟ ಮಾರ ಸಾರು ನಾಣಕ್ಯಾ ಚ.", "ಹೊಸ ಶೂಗಳು ನನಗೆ ಚಿಕ್ಕದಾಗಿದೆ\n", [4]], "150": ["how long is the class ?", "ಕ್ಲಾಸ್ ಕತ್ರಾ ವಾಳೆರ್ ಚ?", "ಕ್ಲಾಸ್ ಕತ್ರಾನ್ ಚ?", "ತರಗತಿ ಎಷ್ಟು ಹೊತ್ತು ?\n", [1]], "630": ["why do not you eat vegetables ?", "ತು ತರಕಾರಿನೊ ಕಾ ಖಾಯೆನಿ?", "ತು ಕಾಯಿಪಲ್ಯ ಕಾ ಖಾವೊಚಿ?", "ನೀವು ಯಾಕೆ ತರಕಾರಿಗಳನ್ನು ತಿನ್ನುವುದಿಲ್ಲ ?\n", [1]], "440": ["the first road on the right .", "ಡಾವಳಿ ವಡಿ ಪಹಲಿ ವಾಟ ಚ", "ಪೆಹಲೆರ ವಾಟ್ ಜಮಣಿ ವಡಿ ಫರ್.", "ಬಲಭಾಗದಲ್ಲಿ ಮೊದಲ ರಸ್ತೆ .\n", [5, 5]], "690": ["o ! mother we prostrate at your feet", "ಏ! ಯಾಡಿ ಹಮ್ ತಾರ ಚರಣೇನ ಪ್ರಣಾಮ್ ಕರಾಚಾ", "ಏ! ಯಾಡಿ ಹಮ್ ತಾರ ಚರಣೇನ ಪ್ರಣಾಮ್ ಕರುಚು", "ಓ ! ತಾಯಿ ನಿನ್ನ ಪಾದಗಳಿಗೆ ನಮಸ್ಕರಿಸುತ್ತೇವೆ\n", [4]], "721": ["ogre share this class of stories .", "ರಾಕ್ಷಸ ಏ ವರ್ಗೆರ ಸಾಕಿನುನ ಸೇನ ಕಚ", "ರಾಕ್ಷಸ ಏ ವರ್ಗೆರ ಸಾಕಿನ ಸೇನ ಕಚ", "ಓಗ್ರೆ ಈ ವರ್ಗದ ಕಥೆಗಳನ್ನು ಹಂಚಿಕೊಳ್ಳುತ್ತಾರೆ .\n", [5]], "838": ["both prince and prime ministers son came to azamera .", "ರಾಜಕುಮಾರ ಅನ ಮಂತ್ರಿರ ಬೇಟಾ ಅಜಮೇರಾ ಆಯೆ", "ರಾಜಕುಮಾರ ಅನ ಮಂತ್ರಿರ ಬೇಟಾ ಪಸಂದ್ ಕಿದೋ", "ಪ್ರಿನ್ಸ್ ಮತ್ತು ಪ್ರಧಾನ ಮಂತ್ರಿ ಮಗ ಇಬ್ಬರೂ ಅಜೇಮರಾಗೆ ಬಂದರು .\n", [3, 4, 1]], "64": ["is the apple red ?", "ಸೇಬು ರಾತಡೋಚ ಕಾಯಿ ?", "ಸೇಬು ಹಣ್ಣ ರಾತಡೋ ಛ ಕ?", "ಸೇಬು ಕೆಂಪಾಗಿದೆಯಾ\n", [5]], "137": ["let us meet in front .", "ಮುಂಡಾಗ್ ಭಳಾ ಆವೋ.", "ಅಪಣ ಮುಂಡಾಗ ಭಳೆ", "ಮುಂದೆ ಭೇಟಿಯಾಗೋಣ .\n", [5]], "530": ["we boarded a boat today", "ಹಮ್ ಆಜ ಜಹಾಜೆಮ ಚಡೆ", "ಹಮ್ ಆಜ ಏಕ ಜಹಾಜ್ ರೆಚಾ", "ನಾವು ಇಂದು ದೋಣಿ ಹತ್ತಿದೆವು\n", [4, 1, 3]], "443": ["he posted strong security force there .", "ವು ಮಜಬೂತ ಸುರಕ್ಷಾ ಬಲ ತೈಯಾರ ಕಿದೋ", "ವು ವತ ಸುರಕ್ಷಾರ ವಾಸ", "ಅವರು ಅಲ್ಲಿ ಬಲವಾದ ಭದ್ರತಾ ಪಡೆಯನ್ನು ನಿಯೋಜಿಸಿದರು .\n", [2]], "922": ["the prince will die on the first honeymoon night by a snake bite .", "ರಾಜಕುಮಾರ ಪೆಹಲೆರ ಹನಿಮೂನೇರ ರಾತ ಸಾಪ ಕಾಟನ ಮರಜಾವಚ", "ರಾಜಕುಮಾರ ಜನಾವಜಾಯೆರ ಪೆಹಲೆರ ಕೋಳ ತಿ ಮರಚ", "ರಾಜಕುಮಾರ ಮೊದಲ ಮಧುಚಂದ್ರದ ರಾತ್ರಿ ಹಾವು ಕಡಿತದಿಂದ ಸಾಯುತ್ತಾನೆ .\n", [3]], "789": ["holi a symbol of indian culture and tradition is celebrated throughout india", "ಭಾರತೇರ ಸಂಸ್ಕೃತಿ ಅನ ಸಂಪ್ರದಾಯರ ಪ್ರತೀಕ ಹೋಳಿನ ಪೂರಾ ಭಾರತೇಮ ಕರಚ", "ಹೋಳಿ ಹಿಂದೂ ಅನ ಸಂಪ್ರದಾಯರ ಪ್ರತೀಕ್ ಸಂಸ್ಕೃತಿರ ಪ್ರತೀಕ್ ಕರಚ", "ಭಾರತೀಯ ಸಂಸ್ಕೃತಿ ಮತ್ತು ಸಂಪ್ರದಾಯದ ಸಂಕೇತವಾದ ಹೋಳಿಯನ್ನು ಭಾರತದಾದ್ಯಂತ ಆಚರಿಸಲಾಗುತ್ತದೆ\n", [4, 5]], "438": ["the walls have ears .", "ಗೋಡಿನೂರ್ ಬಿ ಕಾನ್ ರಚ್.", "ಭೇಡಿಯಾ ನೋ ಆಂಕಿಚ", "ಗೋಡೆಗಳಿಗೆ ಕಿವಿಗಳಿವೆ .\n", [1]], "501": ["she has cooked a lot .", "ವು ಘಣ ಖಾಣೊ ಕರಮಲಿಚ.", "ವು ಘಣ್ ಖಾಣೊ ಕರ್ರಿಚ.", "ಅವಳು ತುಂಬಾ ಅಡುಗೆ ಮಾಡಿದ್ದಾಳೆ .\n", [4, 5]], "733": ["i want to go on the roof .", "ಮ ಘರೇರ್ ಉಪರ್ ಜಾಯೇನ್ ಚಾವರೊಚು.", "ಮ ಝಾಡೇರ್ ಪರ್ ಜಾಯೇನ್ ಚಾವರೊಚು.", "ನಾನು ಛಾವಣಿಯ ಮೇಲೆ ಹೋಗಲು ಬಯಸುತ್ತೇನೆ .\n", [5]], "770": ["he became unconscious due to the effect of the poison .", "ವಿಷ ಚಡನ ವು ಬೇಹೋಶ್ ವೇಗೋ", "ಓನ್ ಪ್ರದ್ನೇ ವೇತ್ತಿ.", "ವಿಷದ ಪರಿಣಾಮದಿಂದಾಗಿ ಅವರು ಪ್ರಜ್ಞಾಹೀನರಾದರು .\n", [4]], "912": ["a washerman promised and he arrested her with black magic and offered to motisangraj .", "ಏಕ ಧೋಬಿ ವೊನ ಭರೋಸಾ ದಿನೋ ಅನ ವೊನ ಮಾಟ ಮಂತ್ರ ತಿ ಪಕಡನ ಮೋತಿಸಂಗರಾಜೇನ ದಿನೋ", "ಏಕ ಧೋಬಿ ಮಾಟ ಮಂತ್ರ ತಿ ಪಕಡನ ಮೋತಿಸಂಗರಾಜೇನ ದಿನೋ", "ಒಬ್ಬ ತೊಳೆಯುವವನು ಭರವಸೆ ನೀಡಿದನು ಮತ್ತು ಅವನು ಅವಳನ್ನು ಮಾಟಮಂತ್ರದಿಂದ ಬಂಧಿಸಿದನು ಮತ್ತು ಮೋತಿಸಂಗರಾಜ್‌ಗೆ ಅರ್ಪಿಸಿದನು .\n", [4]], "436": ["i hate taking risks .", "ಮನ್ ಆಂಗೆ ಪರ್ ಲೇನ್ ಇಷ್ಟ ವೆನಿ.", "ಮನ್ ಮೌಕಾ ಕರೆರ್ ಪಸಂದ್ ಛೆನಿ.", "ನಾನು ಅಪಾಯಗಳನ್ನು ತೆಗೆದುಕೊಳ್ಳುವುದನ್ನು ದ್ವೇಷಿಸುತ್ತೇನೆ .\n", [5]], "495": ["we got lost in the fog", "ಹಮ್ ವೊಸೆಮ ಗಮಾಗೆ", "ಹಮ್ ಕಡೆಮ್ ಗಮಾಗಿ.", "ನಾವು ಮಂಜಿನಲ್ಲಿ ಕಳೆದುಹೋದೆವು\n", [5, 1]], "455": ["give me a glass of water", "ಮನ ಏಕ ಲೋಟಿ ಪಾಣಿ ದೋ", "ಮನ ಏಕ ಲೋಟಾ ಪಾಣಿ ದೋ", "ನನಗೆ ಒಂದು ಲೋಟ ನೀರು ಕೊಡಿ\n", [5]], "398": ["i 'll have to work overtime", "ಮ ಓವರ್ ಟೈಮ್ ಕಾಮ್ ಕರನು", "ಮ ಘಣ್ ಸಮಯ್ ಪರ್ ಕಾಮ್ ಕರನು.", "ನಾನು ಅಧಿಕಾವಧಿ ಕೆಲಸ ಮಾಡಬೇಕು\n", [5]], "600": ["she is not washing her hair .", "ವು ವೊರ್ ಲಟ್ಟಾ ಧೊರಿಕೊಂತಿ.", "ವು ವೊರ್ ಲಟ್ಟಾ ಧೊರಿಕೊಂತಿ.", "ಅವಳು ತನ್ನ ಕೂದಲನ್ನು ತೊಳೆಯುತ್ತಿಲ್ಲ .\n", [5]], "545": ["i went down to open the door .", "ಮ ಬಾಕಲ್ ಕಾಡೇನ್ ಹೆಟ್ ಗೆ.", "ಮ ಬಾಕಲ್ ಕಾಡನ್ ಗೆ", "ನಾನು ಬಾಗಿಲು ತೆರೆಯಲು ಕೆಳಗೆ ಹೋದೆ .\n", [5, 5, 5]], "22": ["what a good idea .", "ಕತ್ರಾ ಆಚೊ ವಿಚಾರ ಚ", "ಕಾಂಯಿ ಆಚೊ ವಿಚಾರ್ ಚ.", "ಎಂತಹ ಒಳ್ಳೆಯ ಉಪಾಯ .\n", [5, 5]], "796": ["the chameleon changes colour to match its surroundings .", "ಊಸರವಳ್ಳಿ ವಾತಾವರಣ ರಜು ರಂಗ ಬದಲಚ", "ಚಂಡಿಯಾ ವೋರ ಆಜು ಬಾಜು ರ ವಾತಾವರಣೆಮ ಘಣ ರಂಗ ಬದಲೋ", "ಊಸರವಳ್ಳಿ ತನ್ನ ಸುತ್ತಮುತ್ತಲಿನ ಪ್ರದೇಶಗಳಿಗೆ ಹೊಂದಿಕೆಯಾಗುವಂತೆ ಬಣ್ಣವನ್ನು ಬದಲಾಯಿಸುತ್ತದೆ .\n", [2]], "157": ["you may take the book .", "ತು ಪುಸ್ತಕ್ ಲೇ ಸಕೇಚಿ", "ತು ಪುಸ್ತಕೇನ ಲೇ ಸಕೇಚಿ", "ನೀವು ಪುಸ್ತಕವನ್ನು ತೆಗೆದುಕೊಳ್ಳಬಹುದು .\n", [5]], "572": ["rice harvest was very poor .", "ಸಾಳೇರ್ ಫಸಲ ಘಣ ಖರಾಬ ವೇತ್ತಿ.", "ಚಾವಳ್ ಘಣ ಗರೀಬ್ ವೇತ್ತಿ", "ಭತ್ತದ ಕೊಯ್ಲು ತುಂಬಾ ಕಳಪೆಯಾಗಿತ್ತು .\n", [2, 5]], "522": ["he is counting his last days .", "ವು ವೊರ್ ಆಖರಿ ದಾಡ್ ಗಣ ರೋಚ.", "ವು ವೊರ್ ಆಖರಿ ದಾಡೋಚ.", "ಅವನು ತನ್ನ ಕೊನೆಯ ದಿನಗಳನ್ನು ಎಣಿಸುತ್ತಿದ್ದಾನೆ .\n", [5]], "289": ["who will pass the exam ?", "ಪರೀಕ್ಷೆ ಮ ಕುಣ ಪಾಸ್ ವಚ?", "ಪರೀಕ್ಷೆ ಕುಣ ಪಾಸ್ ವೇಚ?", "ಪರೀಕ್ಷೆಯಲ್ಲಿ ಯಾರು ಉತ್ತೀರ್ಣರಾಗುತ್ತಾರೆ ?\n", [5, 5]], "106": ["i caught a cold", "ಮನ ಸಳಕಮ್ ವೇಗೋ", "ಮನ್ ಸಳಕಮ ವೇಗಿಚ.", "ನನಗೆ ನೆಗಡಿ ಬಂತು\n", [5]], "40": ["were you drinking water ?", "ತು ಪಾಣಿ ಪಿರೋತೋ ಕ?", "ತು ಪಾಣಿ ಪಿರೋಚಿ?", "ನೀವು ನೀರು ಕುಡಿಯುತ್ತಿದ್ದೀರಾ ?\n", [4]], "648": ["i can climb the coconut tree .", "ಮ ನಾರಳೇರ್ ಝಾಡ್ ಚಡ್ ಸಕುಚು.", "ಮ ನಾರಳೆರ್ ಝಾಡ ಚಡ ಸಕುಚು.", "ನಾನು ತೆಂಗಿನ ಮರವನ್ನು ಹತ್ತಬಲ್ಲೆ .\n", [4, 5]], "115": ["ask ram again later", "ರಾಮೇನ ಲಾರ್ತಿ ಅಜಿ ಏಕ ಸಲಾ ಪುಚ.", "ರಾಮ ಅಜಿ ಏಕ್ ಸಲಾ ಪುಚೊ.", "ನಂತರ ಮತ್ತೆ ರಾಮನನ್ನು ಕೇಳಿ\n", [3]], "469": ["do you like sweets ?", "ತೋನ್ ಮಿಠಾಯಿ ಪಸಂದ್ ಚ ಕ?", "ತೋನ್ ಮಿಠಾಯಿ ನೊ ಪಸಂದ್ ಚ?", "ನೀವು ಸಿಹಿತಿಂಡಿಗಳನ್ನು ಇಷ್ಟಪಡುತ್ತೀರಾ ?\n", [5]], "963": ["she was surprised to find the sympathy of the wild animals .", "ಜಂಗಲಿ ಜಾನ್ವರೆನೂರ ಸಹಾನುಭೂತಿ ದೇಕನ ವೊನ ಆಶ್ಚರ್ಯ ವಿ", "ವು ಜಂಗಲಿ ಜಾನ್ವರನೊ ಜಂಗಲಿ ಜಾನ್ವರೆನೂರ ಆಶ್ಚರ್ಯ ವಿ", "ಕಾಡು ಪ್ರಾಣಿಗಳ ಸಹಾನುಭೂತಿಯನ್ನು ಕಂಡುಹಿಡಿಯಲು ಆಕೆ ಆಶ್ಚರ್ಯಚಕಿತರಾದರು .\n", [4]], "127": ["i saw the bus", "ಮ ಬಸ್ ದಿಟೊಚು.", "ಮ ಬಸ್ ದಿಟೊ.", "ನಾನು ಬಸ್ ನೋಡಿದೆ\n", [5]], "896": ["squeeze the lemon in the dal", "ದಾಳೆಮ ಲಿಂಬುನ ನಚೋ", "ಅಂಬಾನ ಫಿಚನ ರಸಾ ಕಾಡ", "ಬೇಳೆಗೆ ನಿಂಬೆಹಣ್ಣನ್ನು ಹಿಂಡಿ\n", [5, 3]], "602": ["i like swimming very much .", "ಮನ್ ಪೇರೇರ ಘಣ್ ಪಸಂದ್ ಚ.", "ಮನ್ ಘಣ್ ಪೇರೇನ್ ಪಸಂದ್ ಚ.", "ನನಗೆ ಈಜುವುದು ತುಂಬಾ ಇಷ್ಟ .\n", [1]], "280": ["he didnot feel healthy .", "ವೊನ್ ಅರಾಮ್ ವಿಕೊಂತಿ?", "ವು ಅರಾಮ್ ಛೆನಿ.", "ಅವನಿಗೆ ಆರೋಗ್ಯವಾಗಲಿಲ್ಲ .\n", [5]], "425": ["i admit my mistake .", "ಮಾರ್ ತಪ್ಪೆನ್ ಮ ಓಪಕೊಳುಚು.", "ಮ ಮಾರ್ ಗಲತಿ ಛ ಕೆನ್ ಸ್ವೀಕಾರ್ ಕರುಚು.", "ನನ್ನ ತಪ್ಪನ್ನು ಒಪ್ಪಿಕೊಳ್ಳುತ್ತೇನೆ .\n", [5]], "3": ["books are meant for reading", "ಪುಸ್ತಕ ನೊ ವೊದೇನ ರಚ.", "ಪುಸ್ತಕನೋ ವೋದೇರ ವಾಸ ಚ.", "ಪುಸ್ತಕಗಳು ಓದಲು ಉದ್ದೇಶಿಸಲಾಗಿದೆ\n", [5]], "680": ["if you can find no water elsewhere .", "ಅಗರ ತಮೇನ ಪಾಣಿ ಕತ್ತಿಬಿ ಮಳರೋಕೊಂತಿ ತೊ", "ತೋನ್ ಕತ್ತಿಭಿ ಮಳಿಕೊನಿ", "ಬೇರೆಲ್ಲೂ ನೀರು ಸಿಗದಿದ್ದರೆ .\n", [3]], "210": ["sun rose and set .", "ದಾಡೋ ನಿಕಳೊ ಆ ಡುಬಗೋ", "ದಾಡೋ ಡುಬಗೋ", "ಸೂರ್ಯ ಉದಯಿಸಿದನು ಮತ್ತು ಅಸ್ತಮಿಸಿದನು .\n", [4]], "497": ["take a book and read it .", "ಏಕ್ ಪುಸ್ತಕ್ ಲೇನ್ ವೊದ್.", "ಪುಸ್ತಕ್ ವೊದ್.", "ಒಂದು ಪುಸ್ತಕವನ್ನು ತೆಗೆದುಕೊಂಡು ಓದಿ .\n", [4, 1]], "748": ["varanus are lizard like animal .", "ವಾರಾಣ ಶಿಪನೀರ ಸರಿಕ ಪ್ರಾಣಿ ಚ", "ಕೇಳಾ ಚ.", "ವಾರಾಣಗಳು ಹಲ್ಲಿಯಂತೆ ಪ್ರಾಣಿಗಳು .\n", [5]], "942": ["revived by ceremonial gifts of alcoholthey rise again on their feet .", "ದಾರೂರ ಉಡುಗೊರೆತಿ ವೊ ಪುನರ್ಜಿವಿತ ವೇನ ವೂನೂರ್ ಟಾಂಗೆಪರ ಹುಬರಚ", "ವೂನೂರ್ ಟಾಂಗೇನ ಅಜಿ ಪಿವ ಜೋಣ ವೂನೂರ್ ಟಾಂಗೇನ ಅಜಿ ವಾಪಸ್ ಆವಚ", "ಮದ್ಯದ ವಿಧ್ಯುಕ್ತ ಉಡುಗೊರೆಗಳಿಂದ ಪುನರುಜ್ಜೀವನಗೊಂಡ ಅವರು ಮತ್ತೆ ತಮ್ಮ ಕಾಲುಗಳ ಮೇಲೆ ಏರುತ್ತಾರೆ .\n", [4]], "638": ["we are proud to be indians .", "ಹಮ್ ಭಾರತ್ ವಾಸಿ ಛಾ ಕೆನ್ ಖುಷಿ ಪಡಾಛಾ.", "ಹಮೇನ ಹಿಂದುನೋ ವ ಜನಾ ಗರ್ವ್ ಚ", "ನಾವು ಭಾರತೀಯರಾಗಿರುವುದಕ್ಕೆ ಹೆಮ್ಮೆ ಪಡುತ್ತೇವೆ .\n", [5]], "104": ["that is my book", "ವು ಮಾರ ಪುಸ್ತಕ್ ಚ.", "ವು ಮಾರ ಪುಸ್ತಕ್ ಚ.", "ಅದು ನನ್ನ ಪುಸ್ತಕ\n", [4]], "111": ["come outside with me", "ಮಾರ ಜೋಡೀ ಭಾರ ಆಜೊ.", "ಮಾರ ಜೋಡಿ ಭಾರ ಆವೋ.", "ನನ್ನ ಜೊತೆ ಹೊರಗೆ ಬಾ\n", [4]], "262": ["she does not work everyday .", "ವು ದಾಡ್ಡಿ ಕಾಮ ಕರೆನಿ.", "ವು ದಾಡ್ಡಿ ಕಾಮ್ ಕರೆನಿ.", "ಅವಳು ಪ್ರತಿದಿನ ಕೆಲಸ ಮಾಡುವುದಿಲ್ಲ .\n", [5, 5]], "923": ["a good number of stories belonging to the class jokes and anecdotes are present .", "ಘಣ ತಮಾಸೇರ ಅನ ಉಪಾಖ್ಯಾನ ಸಂಬಂಧಿತ ಸಾಕಿನೊ ಚ", "ಜಾನಪದ ಸಾಕಿನುಮ ತಮಾಸೇರ ಅನ ಉಪಾಖ್ಯಾನ ಘಣಿ ಸಾಕಿನೊ ಚ", "ವರ್ಗದ ಹಾಸ್ಯಗಳು ಮತ್ತು ಉಪಾಖ್ಯಾನಗಳಿಗೆ ಸೇರಿದ ಉತ್ತಮ ಸಂಖ್ಯೆಯ ಕಥೆಗಳು ಪ್ರಸ್ತುತವಾಗಿವೆ .\n", [4, 4]], "370": ["he is angry with me", "ವು ಮಾಪರ ರಿಸ ಕರಮಲೋಚ.", "ವು ಮಾರ ಜೋಡಿ ರಿಸ್ ಕರ್ಮಲೋಚ.", "ಅವನು ನನ್ನ ಮೇಲೆ ಕೋಪಗೊಂಡಿದ್ದಾನೆ\n", [4]], "5": ["he is so selfish", "ವು ಸ್ವಾರ್ಥಿ ಚ.", "ವು ಘಣ್ ಸ್ವತಂತ್ರ ಚ.", "ಅವನು ತುಂಬಾ ಸ್ವಾರ್ಥಿ\n", [2]], "10": ["do not push me", "ಮನ ಧಖಲ್ ಮತ", "ಮನ ಸತಾವೋ ಮತ್.", "ನನ್ನನ್ನು ತಳ್ಳಬೇಡಿ\n", [4, 3]], "599": ["this glass of milk is full .", "ಈ ಗಿಲಾಸೆಮ್ ದೂದ ಚ", "ಎ ಗ್ಲಾಸೆಮ ದೂದ್ ಭರೋಚ.", "ಈ ಲೋಟದ ತುಂಬ ಹಾಲು ತುಂಬಿದೆ .\n", [4, 5, 5, 5]], "535": ["i think the train is the best .", "ರೈಲ್ವೆ ಠೀಕ್ ರಚ್ ಕೆನ್ ಮನ್ ಅನ್ನಸಾವಚ.", "ರೈಲ್ವೆ ಸೆತ್ತಿ ಠೀಕ್ ಚ ಕೆನ್ ಮನ್ ಅನಸಾವಚ.", "ರೈಲು ಅತ್ಯುತ್ತಮವಾಗಿದೆ ಎಂದು ನಾನು ಭಾವಿಸುತ್ತೇನೆ .\n", [4]], "658": ["he wanted to make the children remain with him .", "ವು ಛಿಜ್ಯಪರೇನ ವೋರ ಕನ್ನ ರಕಾಡೇನ ಚಾವರೊತೊ", "ವು ಬೇಟಿಬೆಟಾನುನ್ ವೋರ ಜೋಡಿ ರೇ ಕೇನ ಚಾವರೊತೊ", "ಮಕ್ಕಳನ್ನು ತನ್ನೊಂದಿಗೆ ಇರುವಂತೆ ಮಾಡಲು ಅವನು ಬಯಸಿದನು .\n", [5]], "821": ["the father mother and her sisters cries while embracing her", "ಜಾಯೆರ್ ಟೈಂನ್ ನವಲೆರಿ ಮಾ ಬಾಪ್ ಭೇನೆನ್ ಪಕಡನ ರೋವಚ.", "ಬಾಪ ಅನ ಭಾಯೀರ ಮಾ ಬಾಪ ವೊರಜನಾ ರೋವಚ.", "ತಂದೆ , ತಾಯಿ ಮತ್ತು ಅವಳ ಸಹೋದರಿಯರು ಅವಳನ್ನು ಅಪ್ಪಿಕೊಂಡು ಅಳುತ್ತಾರೆ\n", [4]], "355": ["where is your son studying ?", "ತಮಾರ್ ಬೇಟಾ ಕತ್ ಸಾಲಿ ಸಿಕರೋಚ?", "ತಾರ ಬೇಟಾ ಕತ್ ವೊದರೋಚ?", "ನಿಮ್ಮ ಮಗ ಎಲ್ಲಿ ಓದುತ್ತಿದ್ದಾನೆ ?\n", [4]], "729": ["i am going to get a new job .", "ಮನ್ ನವೋ ಕಾಮ್ ಮಳೆ ವಾಳೋಚ.", "ಮ ಏಕ್ ನವೋ ಕಾಮ್ ಕರುಚು.", "ನಾನು ಹೊಸ ಕೆಲಸವನ್ನು ಪಡೆಯಲಿದ್ದೇನೆ .\n", [4]], "836": ["they had to take rest in the middle of the lake .", "ವೊ ಸಮನ್ದರೇರ ನಡು ಅರಾಮ್ ಕರನು ಪಡಿ", "ವೊ ಸಮಂದರೆರ್ ನಡು ಅರಾಮ್ ಕರಚ", "ಅವರು ಸರೋವರದ ಮಧ್ಯದಲ್ಲಿ ವಿಶ್ರಾಂತಿ ಪಡೆಯಬೇಕಾಯಿತು .\n", [4]], "423": ["i got bored of writing letters", "ಮನ್ ಪತ್ರಾ ಲಕ ಲಕನ ಬ್ಯಾಸರ ವೇಗಿಚ", "ಮನ್ ಲಕ್ಕೇರ್ ಬ್ಯಾಸರ ವೇಗಿಚ.", "ನನಗೆ ಪತ್ರಗಳನ್ನು ಬರೆದು ಬರೆದು ಬೇಸರವಾಗಿದೆ\n", [5, 3]], "179": ["i had a test yesterday .", "ಕಾಲ್ ಮಾರ್ ಏಕ್ ಪರೀಕ್ಷಾ ವೆತ್ತೋ.", "ಮಾರ್ ಕಾಲ್ ಏಕ್ ಪರೀಕ್ಷಾ ವೆತ್ತೋ.", "ನನಗೆ ನಿನ್ನೆ ಪರೀಕ್ಷೆ ಇತ್ತು .\n", [4]], "246": ["we saw the new baby", "ಹಮ್ ನವೋ ಪಾಪಾನ ದೀಟೇ", "ಹಮ್ ನವೀನ ಪಾಪಾ ದಿಟೆ", "ನಾವು ಹೊಸ ಮಗುವನ್ನು ನೋಡಿದೆವು\n", [4]], "38": ["i had a pen", "ಮಾರ ಕನ ಏಕ ಪೆನ್ ವೇತ್ತಿ.", "ಮಾರ ಕನ್ನ ಏಕ ಪೆನ್ ಛ.", "ನನ್ನ ಬಳಿ ಪೆನ್ ಇತ್ತು\n", [5]], "656": ["i would rather be a bird than a fish .", "ಮ ಮಾಚಳಿತಿ ಬಿ ಪಕ್ಷಿ ವೇನ್ ಪಸಂದ್ ಕರುಚು.", "ಮ ಏಕ ಮಾಚಳಿ ಪಕಡೆನ್ ಜಾವುನ್ಚು.", "ನಾನು ಮೀನುಗಿಂತ ಹಕ್ಕಿಯಾಗಲು ಬಯಸುತ್ತೇನೆ .\n", [4]], "472": ["i did not ask for milk .", "ಮ ದೂಧ್ ಪೂಚೊ ಕೊಂತಿ.", "ಮ ದೂಧ್ ಪೂಚೊ ಕೊಂತಿ.", "ನಾನು ಹಾಲು ಕೇಳಲಿಲ್ಲ .\n", [5]], "28": ["what do you mean ?", "ತಾರ ಮತಲಬ್ ಕಾಂಯಿ?", "ತಾರ್ ಮತಲಬ್ ಕಾಂಯಿ ಚ?", "ನಿನ್ನ ಮಾತಿನ ಅರ್ಥವೇನು ?\n", [4, 5]], "597": ["she hasn 't made it yet .", "ವು ಅಜಿ ಕಿದಿ ಕೊಂತಿ.", "ವು ಅಬೆಲಗೂ ಕಿದೊಕೊಂತಿ.", "ಅವಳು ಇನ್ನೂ ಮಾಡಿಲ್ಲ .\n", [3]], "672": ["there was a rich man who had a son .", "ಏಕ್ ಸಾವಕಾರೇರ ಏಕ್ ಬೇಟಾ ವೆತ್ತೋ", "ಏಕ ಸಾವಕಾರ ಮಾಣಸ್ ವೆತ್ತೋ", "ಒಬ್ಬ ಶ್ರೀಮಂತನಿಗೆ ಒಬ್ಬ ಮಗನಿದ್ದನು .\n", [3]], "919": ["they pray for the speedy recovery of health and strength of the newely delivered woman .", "ವೊ ಪೆಹಲೆರ್ ಸಲಾ ಜಣಮಲ ಜೆ ಬಾಯಿರ ಸ್ವಾಸ್ಥ್ಯ ಅನ ಶಕ್ತಿ ಜಲ್ದಿ ಸ್ವಸ್ಥ ವೇದ ಕೇನ ಪ್ರಾರ್ಥನೆ ಕರಚ", "ವೊ ನೇಕ ಆರೋಗ್ಯ ರ ಶಕ್ತಿ ಅನ ಶಕ್ತಿಶಾಲಿ ರೂಪೇಮ ಪ್ರಾರ್ಥನಾ ಕರಚ", "ಹೊಸದಾಗಿ ಹೆರಿಗೆಯಾದ ಮಹಿಳೆಯ ಆರೋಗ್ಯ ಮತ್ತು ಶಕ್ತಿಯ ಶೀಘ್ರ ಚೇತರಿಕೆಗಾಗಿ ಅವರು ಪ್ರಾರ್ಥಿಸುತ್ತಾರೆ .\n", [4]], "91": ["please open the window", "ಕೃಪಯಾ ಖಿಡಕಿ ಕಾಡೋ.", "ಕೃಪಯಾ ಖಿಡಕಿ ಕಾಡ.", "ದಯವಿಟ್ಟು ವಿಂಡೋವನ್ನು ತೆರೆಯಿರಿ\n", [5]], "804": ["i do not want to hear any more of your complaining .", "ಮನ್ ಅಬ್ ಅಜಿ ತಾರ್ ಸಿಕಾಯತ್ ಸಾಮಳೆರ್ ವೇನಿ.", "ತು ತಾರ್ ಆರೋಗ್ಯ ರ ಬಗ್ಗೆ ಮನ್ ಸಾಮಳಾರಿಕೊಂತಿ.", "ನಿಮ್ಮ ಯಾವುದೇ ದೂರನ್ನು ನಾನು ಕೇಳಲು ಬಯಸುವುದಿಲ್ಲ .\n", [1]], "950": ["while singing drums cymbals and bronze plates are generally used .", "ಗೀದಗಾವ ಜನಾ ಧೋಲ್ ಝಾನ್<<unk>> ಅನ ಥಾಳಿ ವಜಾವಚ", "ಗೀದಗಾವ ಜನಾ ಭಾಂಡೆ ಅಜಿ ಚಾಂದಿ ಓ ಸೆ ರಚ್.", "ಡ್ರಮ್ಸ್ ಹಾಡುವಾಗ ಸಿಂಬಲ್ಸ್ ಮತ್ತು ಕಂಚಿನ ಫಲಕಗಳನ್ನು ಸಾಮಾನ್ಯವಾಗಿ ಬಳಸಲಾಗುತ್ತದೆ .\n", [1]], "488": ["the sun rises in the east", "ಸುರ್ಯಾ ಪೂರ್ವ ದಿಕ್ಕೆಮ ಹುಟ್ಟಚ", "ಸುರ್ಯಾ ಪೂರ್ವ ದಿಕ್ಕೆಮ ನಿಕಳಚ.", "ಸೂರ್ಯ ಪೂರ್ವದಲ್ಲಿ ಉದಯಿಸುತ್ತಾನೆ .\n", [5]], "482": ["i am lost in this place .", "ಮ ವೊ ಜಾಗಾ ಪರ್ ಗಮಾಗೋಚು.", "ಮ ಏ ಜಾಗಾ ಪರ್ ಗಮಾಲಿದೋಚು.", "ನಾನು ಈ ಸ್ಥಳದಲ್ಲಿ ಕಳೆದುಹೋಗಿದ್ದೇನೆ .\n", [5]], "590": ["sheena is shorter than her .", "ಶೀನಾ ವೊತಿ ನಾಣಕಿ ಚ.", "ಶೀನಾ ವೊತಿ ನಾಣಕ್ಯ ಚ.", "ಶೀನಾ ಅವಳಿಗಿಂತ ಚಿಕ್ಕವಳು .\n", [5]], "510": ["why has sita left already ?", "ಸೀತಾ ಜನಾಜ್ ಕಾ ದರಗಿಚ?", "ಸೀತಾ ನ ಕಾ ದರ್ ಜಾರೋಚ?", "ಸೀತೆ ಈಗಲೇ ಯಾಕೆ ಹೊರಟು ಹೋಗಿದ್ದಾಳೆ ?\n", [2, 1]], "17": ["it is already dark .", "ಅಂದರೋ ವೆಜ ಗೋಚ.", "ಅಬ್ಬ ಗ್ಯಾರಾ ವೇಗಿಚ.", "ಆಗಲೇ ಕತ್ತಲಾಗಿದೆ .\n", [1, 3]], "830": ["roses will not root in such acidic soil", "ಆಮ್ಲ ಅಂಶ ರಜಕೋಣ ಜಮಿ ಮಾಯೀ ಗುಲಾಬಿ ಜಡಜ ಛೋಡೇನಿ", "ಅಬೇರ್ ಅಜಿ ಜಮೀ ಮಾಯಿ ಪೀಕ್ ಪಡೆನಿ", "ಇಂತಹ ಆಮ್ಲೀಯ ಮಣ್ಣಿನಲ್ಲಿ ಗುಲಾಬಿಗಳು ಬೇರು ಬಿಡುವುದಿಲ್ಲ\n", [5]], "577": ["in this way he appeared before them .", "ಹನು ವು ವೂನೂರ ಮುಂಡಾಗ ಆಯೋ", "ಹನು ವೂನೂರ್ ಮುಂಡಾಗ ವು ವೂನೂರ್ ಮುಂಡಾಗ ಆಯೋ", "ಈ ರೀತಿಯಾಗಿ ಅವನು ಅವರ ಮುಂದೆ ಕಾಣಿಸಿಕೊಂಡನು .\n", [2, 4]], "574": ["how much do i owe you ?", "ಮ ತಾರ್ ಕತ್ರಾ ಸಾಲಾ ದೇಣು?", "ಮ ತಾರ್ ವಯಸ್ ಕತ್ರಿ ಚ.", "ನಾನು ನಿನಗೆ ತೀರಿಸಬೇಕಾದ ಸಾಲವೆಷ್ಟು ?\n", [1]], "526": ["the king prohibited carrying food .", "ರಾಜ ಖಾಣೊ ಲೇಜಾಯೆರ ಬಂದ ಕಿದೋ", "ರಾಜಾ ಖಾಣೊ ಕರೆರ ಛೋಡ್ ಲಿದೊ", "ರಾಜನು ಆಹಾರವನ್ನು ಒಯ್ಯುವುದನ್ನು ನಿಷೇಧಿಸಿದನು .\n", [3]], "935": ["the people who come to see the folk plays enacted at night in the villages .", "ಹಳ್ಳಿನುಮ ರಾತವಣಾ ಕರಜೋಣ ಜಾನಪದ ನಾಟಕನೋ ದೇಕೇನ ಆವಜೊಣ ಲೋಗ್", "ಜಾನಪದ ಸಾಕಿನುಮ ರಾತ ರಮ್ಮೆರ ವೆನಿ", "ಹಳ್ಳಿಗಳಲ್ಲಿ ರಾತ್ರೋರಾತ್ರಿ ನಡೆಯುವ ಜನಪದ ನಾಟಕಗಳನ್ನು ನೋಡಲು ಬರುವ ಜನ .\n", [2]], "763": ["there were a few cases of murder also .", "ದಸೆಕ್ ಹತ್ಯಾ ರ ಕೇಸ್ ಭೀ ವೆತ್ತೆ", "ದಸೆಕ್ ಮರ್ಡರ್ ಕಿದೋ ಜೋಣ ದೋಷಿ ಛ.", "ಕೆಲವು ಕೊಲೆ ಪ್ರಕರಣಗಳೂ ನಡೆದಿವೆ .\n", [4]], "698": ["you really do not have the right priorities !", "ತಾರ್ ಕನ್ ಖರಿಜ್ ಠೀಕ್ ಆದ್ಯತೆ ಛೆನಿ.", "ತಾರ್ ಕನ್ ಖರಿ ಜಾನ್ವರ್ ಛೆನಿ.", "ನೀವು ನಿಜವಾಗಿಯೂ ಸರಿಯಾದ ಆದ್ಯತೆಗಳನ್ನು ಹೊಂದಿಲ್ಲ !\n", [3]], "374": ["what are you looking for ?", "ತು ಕಾಂಯಿ ಧುನ್ದರೋಚಿ.", "ತಮ್ಮ್ ಕಾಯಿ ದುಂಡರೇಚೂ", "ನೀವು ಏನು ಹುಡುಕುತ್ತಿದ್ದೀರಿ ?\n", [5]], "311": ["i am looking for someone .", "ಮ ಏಕಾದ್ ಮಾಣಸೇನ ಧುನ್ಡರೋಚು", "ಮ ಕೇನಿಕ್ ಧುನ್ದರೋಚು.", "ನಾನು ಯಾರನ್ನಾದರೂ ಹುಡುಕುತ್ತಿದ್ದೇನೆ .\n", [3, 4]], "385": ["please tell her ramu called .", "ಕೃಪಯಾ ವೊನ ರಾಮು ಬಲಾಯೆಚ ಕೋ.", "ಕೃಪಯಾ ವೊನ ಬಲಾವೊ.", "ಅವಳಿಗೆ ಹೇಳಿ ರಾಮು ಕರೆದ .\n", [4]], "487": ["here is a gift for you .", "ತಾರ್ ಉಡುಗೊರೆ ಅತ್ ಚ.", "ತಮಾರ್ ವಾಸ್ ಅತ್ ಏಕ್ ಉಡುಗೊರೆ ಛ.", "ನಿಮಗಾಗಿ ಇಲ್ಲಿದೆ ಉಡುಗೊರೆ .\n", [4]], "532": ["we sang too much last night .", "ಹಮ್ ಕಾಲ್ ರಾತ ಘಣ ಗಿದಗಾಯೆ", "ಕಾಲ್ ರಾತ್ ಘಣ್ ಗಿದ್ ಗಯೆ.", "ನಿನ್ನೆ ರಾತ್ರಿ ನಾವು ತುಂಬಾ ಹಾಡಿದ್ದೇವೆ .\n", [4, 5]], "191": ["i need to go outside .", "ಮನ್ ಭಾರ್ ಜಾಯೆರ್ ಜರೂರತ್ ಚ.", "ಮ ಭಾರ್ ಜಾಣು.", "ನಾನು ಹೊರಗೆ ಹೋಗಬೇಕು .\n", [5]], "431": ["you have found your wallet .", "ತೊನ್ ತಾರ್ ಬಟುವಾ ಮಳಗೊಚ", "ತು ತಾರ್ ಬಟುವಾ ದಿಟೋ.", "ನಿಮ್ಮ ಕೈಚೀಲವನ್ನು ನೀವು ಕಂಡುಕೊಂಡಿದ್ದೀರಿ .\n", [5, 4]], "716": ["what time do you get out of school ?", "ತು ಕತ್ರಾನ್ ಸಾಲಿತಿ ಭಾರ ಆಯೆಚಿ?", "ತು ಸಾಲಿನ್ ಕತ್ರಾನ ಜಾಯೆಚಿ ?", "ನೀವು ಎಷ್ಟು ಗಂಟೆಗೆ ಶಾಲೆಯಿಂದ ಹೊರಬರುತ್ತೀರಿ ?\n", [5]], "47": ["samu is eating fruits", "ಸಮು ಫಳ್ ಖಾರೋಚ.", "ಸಮು ಫಳ್ ಖಾರೋಚ.", "ಸಮು ಹಣ್ಣುಗಳನ್ನು ತಿನ್ನುತ್ತಿದೆ\n", [4]], "945": ["many narrative songs have been composed on the lives of seers of the community .", "ಸಮುದಾಯ ರ ಮಹಾನ್ ಸಂತೇನುಪರ್ ಕತ್ರಾಕೋ ಕಥಾಗೀದೆ ರಚನೇ ವೇಮಲಿಚ", "ಸಮುದಾಯ ರ ದರ್ಶನೇತಿ ಕತ್ರಾಕೋ ಕಥಾಗೀದೆ ರಚನೇ ವೇಮಲಿಚ", "ಸಮುದಾಯದ ದಾರ್ಶನಿಕರ ಜೀವನದ ಮೇಲೆ ಅನೇಕ ನಿರೂಪಣಾ ಗೀತೆಗಳನ್ನು ರಚಿಸಲಾಗಿದೆ .\n", [4]], "799": ["the focal element is answers through riddles .", "ಫೋಕಲ್ ಅಂಶ ಪಹೇಲಿನೂತಿ ಉತ್ತರ ದೇರೋ", "ವಿಷಯನೋ ವೊದೇವಾಳೆನ ಏಕ ಉತ್ತರ ದಿನೆ.", "ಫೋಕಲ್ ಅಂಶವು ಒಗಟುಗಳ ಮೂಲಕ ಉತ್ತರಗಳು .\n", [5]], "279": ["they hurt him a lot .", "ವೊ ವೊನ ಘಣ ಆಘಾತ ಕಿದೇಚ", "ವೊ ವೊನ ಘಣ ಚೋಟ ಕರಚ", "ಅವರು ಅವನನ್ನು ತುಂಬಾ ನೋಯಿಸಿದರು  .\n", [5]], "888": ["i am having toothache since last night", "ಕಾಲ ರಾತೇತಿ ಮಾರ ದಾತ ದುಕರೋಚ", "ಮನ ಕಾಲೇನ ರಾತ್ ಜಾಗೊ", "ನಿನ್ನೆ ರಾತ್ರಿಯಿಂದ ನನಗೆ ಹಲ್ಲುನೋವು ಇದೆ\n", [3]], "782": ["vishwamitra narrated the following story through the song .", "ವಿಶ್ವಾಮಿತ್ರ ಸಾಕಿನ ಏಕ ಗೀದೆಮ ಕೆ", "ವಿಶ್ವಾಮಿತ್ರ ಎ ಸಾಕಿನ ಗೀದೇರ ಮುಖಾಂತರ ಕೆ", "ವಿಶ್ವಾಮಿತ್ರ ಈ ಕೆಳಗಿನ ಕಥೆಯನ್ನು ಹಾಡಿನ ಮೂಲಕ ನಿರೂಪಿಸಿದ್ದಾರೆ .\n", [5]], "668": ["on the way it requested him to free him .", "ವಾಟೆಪರ ವು ವೊನ ಛೋಡ ಕೇನ ವಿನಂತಿ ಕಿದಿ", "ವು ವಾಟೆಪರ ವೊನ ಮುಕ್ತ ಕರ ಕೇನ ಮನವಿ ಕಿದಿ", "ದಾರಿಯಲ್ಲಿ ಅದು ಅವನನ್ನು ಬಿಡಿಸಲು ವಿನಂತಿಸಿತು .\n", [5, 5]], "117": ["ram wants good results", "ರಾಮ ಆಚೊ ಪರಿಣಾಮ ಚಾವಚ", "ರಾಮೇನ ಆಚೊ ಫಳ ಚಾವಚ", "ರಾಮನಿಗೆ ಒಳ್ಳೆಯ ಫಲಿತಾಂಶ ಬೇಕು\n", [4]], "702": ["for last three years mohan topped the class", "ಲಾರೆರ್ ತೀನ ವರ್ಷೆ ತಿ ಮೋಹನ್ ಜಾದಾ ಮಾರ್ಕ್ಸ್ ಲೆರೋಚ", "ಲಾರೇರ್ ವರ್ಷಣ ಕ್ಲಾಸ್ಸೇ ಮಾಯಿ ಕ್ಲಾಸ್ ಮಳಿ.", "ಕಳೆದ ಮೂರು ವರ್ಷಗಳಿಂದ , ತರಗತಿಗೆ ಮೋಹನನೇ ಹೆಚ್ಚಿನ ಅಂಕಗಳನ್ನು ಪಡೆಯುತ್ತಿದ್ದಾನೆ\n", [2]], "162": ["i think you are right .", "ತು ಠೀಕ್ ಚಿ ಕೆನ್ ಮನ್ ಅನಸಾರಿಚ.", "ತಮ್ ಖರೆ ಛೋ ಕರನ್ ಮ ಸಮಜು ಚು.", "ನೀವು ಸರಿ ಎಂದು ನಾನು ಭಾವಿಸುತ್ತೇನೆ .\n", [5]], "738": ["alarm clock always rings at six", "ಅಲಾರಾಂ ಗಡಿಯಾರ ಕನ್ನಾವನ್ನ ಚೋಯೇ ನ ಬಜಚ", "ಅಲೋಮ್ ಕನ್ನಾಯಿಬಿ ಛೋ ಘಂಟಾ ನ ಚ", "ಅಲಾರಾಂ ಗಡಿಯಾರ ಯಾವಾಗಲೂ ಆರು ಗಂಟೆಗೆ ರಿಂಗಣಿಸುತ್ತದೆ\n", [3]], "20": ["samu wants to play", "ಸಮು ರಮ್ಮೆನ ಚಾವಚ.", "ಸಮು ನ ರಮ್ಮೆರ್ ಚಾವಚ", "ಸಮು ಆಡಲು ಬಯಸುತ್ತಾನೆ\n", [5]], "110": ["my brothers and sisters", "ಮಾರ್ ಭಾಯೀಓ ಮಾರ್ ಭೇನೆಓ.", "ಮಾರ ಭಾಯಿ ಅನ ಭಾಯೀರ", "ನನ್ನ ಸಹೋದರರು ಮತ್ತು ಸಹೋದರಿಯರು\n", [4]], "277": ["she was dressed in red", "ವು ರಾತಡ ರಂಗೇರ ಸೆಮಾನ್ ಪೆರಮೆಲಿಚ", "ವು ರಾತಡೊ ಜಿಗಲಾ ಪೆರಮಲೀತಿ.", "ಅವಳು ಕೆಂಪು ಬಟ್ಟೆ ಧರಿಸಿದ್ದಳು\n", [5]], "248": ["is your car black ?", "ತಾರ ಕಾರ್ ಕಾಳ್ ರಂಗೇರ್ ಚ ಕ?", "ತಾರ್ ಕಾರ್ ಕಾಳ ರಂಗೇರ್ ಛ ಕ?", "ನಿಮ್ಮ ಕಾರು ಕಪ್ಪಾಗಿದೆಯೇ ?\n", [4]], "705": ["he can climb a coconut tree", "ವು ನಾರಳೆರ ಝಾಡ ಚಡಚ", "ವು ನಾರಳೇರ ಝಾಡ್ ಚಡ್ ಸಕಚ.", "ಅವನು ತೆಂಗಿನ ಮರ ಹತ್ತುತ್ತಾನೆ\n", [5]], "247": ["i lost my dog .", "ಮ ಮಾರ್ ಕುತ್ರನ್ ಗಮ ಲಿದೊ.", "ಮ ಮಾರ್ ಕುತ್ರ ಗಮಾಲಿದೋಚು.", "ನಾನು ನನ್ನ ನಾಯಿಯನ್ನು ಕಳೆದುಕೊಂಡೆ .\n", [5]], "404": ["i go to school by foot .", "ಮ ಚಾಲನ್ ಸಾಲಿನ ಜಾಊಚು.", "ಮ ಸಾಲಿನ್ ಜಾವುನ್ಚು.", "ನಾನು ಕಾಲ್ನಡಿಗೆಯಲ್ಲಿ ಶಾಲೆಗೆ ಹೋಗುತ್ತೇನೆ .\n", [4]], "533": ["you had better take a little rest .", "ತು ದಸೆಕ್ ಅರಾಮ್ ಕರ ಜೋಣ ಠೀಕ್ ರಚ.", "ತು ದಸೆಕ್ ಅರಾಮ್ ಕರ್ ಜೋಣ ಠೀಕ್ ರಚ.", "ನೀವು ಸ್ವಲ್ಪ ವಿಶ್ರಾಂತಿ ಪಡೆಯುವುದು ಉತ್ತಮ .\n", [4]], "229": ["enjoy your life ram .", "ತಮಾರ್ ಜೀವನಾ ಮಾಯಿ ಅನಂದ್ಯೆತಿ ರೋ ರಾಮ್.", "ತಾರ್ ಜೀವನನ್ ಆನಂದ್ ಲ.", "ನಿಮ್ಮ ಜೀವನವನ್ನು ಆನಂದಿಸಿ ರಾಮ್ .\n", [3]], "7": ["do you drink milk ?", "ತು ದೂದ ಪಿಯೆಚಿ ಕ?", "ತು ದೂದ ಪಿಯೆಚಿ ಕ?", "ನೀವು ಹಾಲು ಕುಡಿಯುತ್ತೀರಾ ?\n", [5, 5]], "13": ["you are my type .", "ತು ಮಾರ್ ಸರಿಕೊ ಚಿ.", "ತು ಮಾರ್ ಸರಿಕ್ ಚಿ", "ನೀನು ನನ್ನ ಥರ  .\n", [5]], "330": ["jodu is missing since yesterday", "ಜೋಡು ಕಾಲೇತಿ ಗಾಯಬ್ ಚ.", "ಜೋಡು ಕಾಲೇತಿ ಗಾಯಬ್ ಚ", "ನಿನ್ನೆಯಿಂದ ಜೋಡು ಕಾಣೆಯಾಗಿದೆ\n", [5, 5]], "274": ["let me find this place .", "ಮನ್ ಈ ಜಾಗಾ ಢುಂಡೆನ್ ದೊ.", "ಮನ್ ಈ ಜಾಗಾ ಧೂನ್ದೊ.", "ನಾನು ಈ ಸ್ಥಳವನ್ನು ಹುಡುಕಲಿ .\n", [1]], "892": ["the king got his two queens and princes .", "ರಾಜ ನ ವೋರ ದೊಯೀ ರಾಣಿ ನೋ ಅನ ರಾಜಕುಮಾರ ಮಳಗೆ", "ರಾಜಾ ವೋರ ದೀ ರಾಣಿನೋ ಅನ ರಾಜಕುಮಾರೇನುನ ಮಳಚ", "ರಾಜನು ತನ್ನ ಇಬ್ಬರು ರಾಣಿಯರನ್ನು ಮತ್ತು ರಾಜಕುಮಾರರನ್ನು ಪಡೆದನು .\n", [2]], "508": ["i had a little fever .", "ಮನ್ ದಸೆಕ್ ತಾವ್ ಆರೀತಿ.", "ಮನ್ ದಸೆಕ್ ತಾವ್ ವೆತ್ತೋ.", "ನನಗೆ ಸ್ವಲ್ಪ ಜ್ವರ ಬಂದಿತ್ತು .\n", [5]], "230": ["does he speak english ?", "ಓನ್ ಇಂಗ್ಲಿಷ್ ವತೇ ಕರೆನ್ ಆವಚ ಕಾಯಿ.", "ವು ಇಂಗ್ಲಿಷ್ ವಾತೆ ಕರಚ ಕ?", "ಅವನು ಇಂಗ್ಲಿಷ್ ಮಾತನಾಡುತ್ತಾನೆಯೇ ?\n", [5]], "727": ["there are several varieties of snakes", "ಜನಾವರನೋ ಘಣ ವಾನಾರ್ ರಚ", "ಘಣ ಸಾಂಪನೋ ಚ", "ಹಾವುಗಳಲ್ಲಿ ಹಲವಾರು ವಿಧಗಳಿವೆ\n", [3]], "332": ["would you please stop talking ?", "ಕೃಪಯಾ ವಾಟೆ ಕರೆರ ಬಂದ್ ಕರೋಚೊ?", "ಕೃಪಯಾ ವಾತೆ ಕರೋ.", "ದಯವಿಟ್ಟು ಮಾತನಾಡುವುದನ್ನು ನಿಲ್ಲಿಸುವಿರಾ ?\n", [1]], "188": ["i am waiting for you .", "ಮ ತಾರ್ ವಾಟ್ ದೇಕರೊಚು.", "ತಾರ್ ಸಾರು ವಾಟ್ ದೆಕ್ರೀತಿ.", "ನಾನು ನಿನಗಾಗಿ ಕಾಯುತ್ತಿದ್ದೇನೆ .\n", [5, 5]], "477": ["i am getting ready to go .", "ಮ ಜಾಯೇನ್ ತೈಯಾರ್ ವೆರೋಚು.", "ಮ ಜಾಯೇನ್ ತೈಯಾರ್ ಕರರೊಚು.", "ನಾನು ಹೋಗಲು ತಯಾರಾಗುತ್ತಿದ್ದೇನೆ .\n", [5]], "421": ["they need me for that job .", "ವೂ ಕಾಮೆನ್ ವುನೆನ್ ಮಜ್ ಚಾಯ್", "ವೊನ್ ಕಾಮೆನ್ ಜಾಯೇನ್ ಜರೂರತ್ ಚ.", "ಆ ಕೆಲಸಕ್ಕೆ ಅವರಿಗೆ ನಾನು ಬೇಕು .\n", [5]], "8": ["samu ate the apple", "ಸಮು ಸೇಬು ಹಣ್ಣ ಖಾದೋ", "ಸಮು ಸೇಬು ಹಣ್ಣ ಖಾದೊ.", "ಸಮು ಸೇಬು ತಿಂದ\n", [5]], "646": ["she would marry whoever reached the bank .", "ದಂಡಿನ ಕುಣ ಆನ ಪುಚ ಜೇತಿ ವಾಯಾ ಕರುಚು", "ಉ ಛೋರಿ ಬ್ಯಾಂಕ್ ಕುಣ ಆನ ವಾಯಾ ಕರಚ", "ಅವರು ದಡವನ್ನು ತಲುಪಿದವರನ್ನು ಮದುವೆಯಾಗುತ್ತಾರೆ .\n", [3]], "285": ["can somebody help me ?", "ಮನ್ ಕೊಯಿಕ್ ಸಹಾಯ್ ಕರೋಚೊ ಕ?", "ಕೋಇ ತೋಯ್ಯ ಮನ್ ಸಹಾಯ್ ಕರಚ ಕ?", "ಯಾರಾದರೂ ನನಗೆ ಸಹಾಯ ಮಾಡಬಹುದೇ ?\n", [5]], "338": ["i donot understand you .", "ಮನ್ ತೋನ್ ಸಮಜೆರ್ ವೆರಿಕೊಂತಿ.", "ಮನ್ ತೋನ್ ಸಮಜೆರ್ ವೆರಿಕೊಂತಿ.", "ನಿನ್ನನ್ನು ಅರ್ಥ ಮಾಡಿಕೊಳ್ಳಲು ಆಗುತ್ತಿಲ್ಲ .\n", [5]], "692": ["selling of good deeds and its reward .", "ಆಚ ಕರ್ಮೆರ ಬಿಕ್ರಿ ಅನ ವೋರ ಇನಾಮ", "ಆಚ ಕರ್ಮೆರ ಮೌಲ್ಯಮಾಪನ ವೆಚೆನ್ ಚ", "ಒಳ್ಳೆಯ ಕಾರ್ಯಗಳ ಮಾರಾಟ ಮತ್ತು ಅದರ ಪ್ರತಿಫಲ .\n", [5]], "873": ["they proposed to take her as daughter-in-law .", "ವೊ ವೊನ ಬೋಡಿ ಕರಾ ಕೇನ ಪೂಚೆ", "ವೊ ವೊನ ಬೋಡಿ ಕರಾ ಕೇನ ಪೂಚೆ", "ಅವರು ಅವಳನ್ನು ಸೊಸೆಯಾಗಿ ತೆಗೆದುಕೊಳ್ಳಲು ಪ್ರಸ್ತಾಪಿಸಿದರು .\n", [5]], "107": ["it is too close", "ಈ ಘಣ ಕನ್ನ ಚ.", "ವು ಘಣ ಕನ್ ಚ", "ಇದು ತುಂಬಾ ಹತ್ತಿರದಲ್ಲಿದೆ\n", [5]], "160": ["thank you for staying .", "ರೆಗೆ ಜೇತಿ ಧನ್ಯವಾದ್.", "ಧನ್ಯವಾದ್ ಜೇರ್ಸಾರು ಧನ್ಯವಾದ್.", "ಉಳಿದುಕೊಂಡಿದ್ದಕ್ಕಾಗಿ ಧನ್ಯವಾದಗಳು .\n", [1]], "55": ["i will call you .", "ತೋನ ಮ ಫೋನ್ ಲಗಾಡುಚು.", "ಮ ತೋನ್ ಫೋನ್ ಕರುಚು.", "ನಿನಗೆ ಕರೆಮಾಡುವೆ .\n", [5]], "125": ["we know this song", "ಈ ಗೀದ ಹಮೇನ ಮಾಲಮ್ ಚ", "ಈ ಗೀದ ಹಮೇನ ಮಾಲಮ್ ಚ", "ಈ ಹಾಡು ನಮಗೆ ತಿಳಿದಿದೆ\n", [5]], "742": ["i can not tolerate his bad behavior", "ಮನ ವೋರ ಹೊಲಸ ಚಟಾನ ಸಮಾಳೆರ ವೆರಿಕೊಂತಿ", "ಮನ ವೋರ ಮಾಂದೊ ನಡವಳಿಕೆವಡಿ ಕರ ಜೋಣ ಸಮಾಳೆರ ವಿ", "ನಾನು ಅವನ ಕೆಟ್ಟ ನಡವಳಿಕೆಯನ್ನು ಸಹಿಸುವುದಿಲ್ಲ\n", [5]], "341": ["you can rely on him .", "ತು ವೊಪರ್ ಭರೋಸಾ ಕರ್ ಸಕೇಚಿ.", "ತು ವೊಪರ್ ಭರೋಸಾ ಕರ್ ಸಕೇಚಿ.", "ನೀವು ಆತನನ್ನು ಅವಲಂಬಿಸಬಹುದು .\n", [5]], "48": ["why are you late ?", "ತಮ್ ಕಾ ತಡಾ ಕಿದೆ?", "ತೋನ್ ಕಾ ತಡಾ ವೇಗಿಚ ?", "ನೀವು ಏಕೆ ತಡ ಮಾಡಿದಿರಿ ?\n", [5]], "560": ["we can see a big mountain over there", "ಆಪಣ ವೊತ್ತ ಏಕ ಮೋಟೋ ದಡಿಯಾ ದೇಕ್ ಸಕಾಚಾ", "ಹಮ್ ವತ ಏಕ ಮೊಟ ಗುಡ್ಡಾ ದೇಕ್ ಸಕಾಚಾ.", "ನಾವು ಅಲ್ಲಿ ದೊಡ್ಡ ಪರ್ವತವನ್ನು ನೋಡಬಹುದು\n", [5]], "818": ["you must be mindful of your family responsibilities .", "ತಾರ್ ಮಾತೆಮ್ ತಾರ್ ಪರಿವಾರೇರ್ ಜಿಮ್ಮೆದಾರಿ ರೇಣು.", "ತು ತಾರ್ ಪರಿವಾರೇರ್ ಜವಾಬ್ದಾರಿ ಚಿ.", "ನಿಮ್ಮ ಕುಟುಂಬದ ಜವಾಬ್ದಾರಿಗಳನ್ನು ನೀವು ಗಮನದಲ್ಲಿಟ್ಟುಕೊಳ್ಳಬೇಕು .\n", [4]], "416": ["evening dress is desired .", "ಸಾಂಜ್ ಪೇರೇನ್ ಜಿಗಲಾ ಚಾವ.", "ಸಾಂಜ್ ಕಪಡಾ ಚಾವಚ.", "ಸಂಜೆಯ ಉಡುಪು ಬೇಕು\n", [4]], "85": ["people mostly visit here .", "ಲೋಗ ಅತ ಜಾಸ್ತ ಆವಚ.", "ಅತ್ತೆರ ಲೋಗ ಅತ ಭಳಚ.", "ಜನರು ಹೆಚ್ಚಾಗಿ ಇಲ್ಲಿಗೆ ಭೇಟಿ ನೀಡುತ್ತಾರೆ .\n", [1]], "913": ["a shephard was giving a bread daily to a ghost hidden nearby the temple .", "ದೇವೆರ ಗುಡಿ ರ ಕನ್ನ ಜಪಮಲೋ ಜೆ ಭೂತೇನ ಧನಗರ ದಾಡ್ಡಿ ಬಾಟಿ ದೆತೊತೊ", "ಏಕ ಮಿಂಡಿರ ಡಾರ ಕನ್ನ ದಾಡ್ಡಿ ಬಾಟಿ ದಿನೋ", "ಒಬ್ಬ ಕುರುಬನು ದೇವಾಲಯದ ಹತ್ತಿರ ಅಡಗಿರುವ ಭೂತಕ್ಕೆ ಪ್ರತಿದಿನ ರೊಟ್ಟಿಯನ್ನು ನೀಡುತ್ತಿದ್ದನು .\n", [2]], "272": ["i made your coffee", "ಮ ತಾರ ಕಾಫಿ ಕರಮಲೀಚು.", "ಮ ತಾರ ಕಾಫಿ ಕಿದೋಚು.", "ನಾನು ನಿಮ್ಮ ಕಾಫಿ ಮಾಡಿದ್ದೇನೆ\n", [3]], "169": ["he does not read books .", "ವು ಪುಸ್ತಕ್ ವೊದೇನಿ.", "ವು ಪುಸ್ತಕನೋ ವೋದುಚು.", "ಅವನು ಪುಸ್ತಕಗಳನ್ನು ಓದುವುದಿಲ್ಲ .\n", [4]], "309": ["he got tired of sitting", "ವೊನ್ ಬೇಸ ಬೆಸನ್ ಡಿಹೆರ ವೆಗೋಚ", "ವೊನ್ ಬೆಟೇರ ಸುಸ್ತ್ ವೇಗಿಚ.", "ಅವನು ಕುಳಿತು ಕುಳಿತು ಆಯಾಸಗೊಂಡನು\n", [3]], "464": ["give him a tomato .", "ವೊನ್ ಏಕ್ ತಮಾಟಿ ದ.", "ವೊನ ಏಕ ಟಾಟಿ ದ.", "ಅವನಿಗೆ ತಮಟೆಕಾಯಿ ಕೊಡಿ .\n", [1]], "620": ["the company gave him a gold watch", "ಕಂಪನಿ ವೊನ ಏಕ ಸೋನೇರ ಗಡಿಯಾರ ದಿನಿಚ.", "ಸಂಗೀತ ವೊನ ಸೋಳೋಚ", "ಕಂಪನಿಯು ಚಿನ್ನದ ಗಡಿಯಾರವನ್ನು ನೀಡಿತು\n", [1]], "863": ["the devil in the bottle wasburned .", "ಬಾಟಲಿಮ ವೆತ್ತೋ ಜೆ ಭೂತೇನ ಬಾಳನಾಕೆ", "ಬಾಟಲಿಮ ವೆತ್ತೋ ಜೆ ಭೂತೇನ ಬಾಳನಾಕೆ", "ಬಾಟಲಿಯಲ್ಲಿದ್ದ ದೆವ್ವ ಸುಟ್ಟುಹೋಯಿತು .\n", [5]], "384": ["is he reading a book ?", "ಉ ಪುಸ್ತಕ್ ಓದ್ ರೋಚ್ ಕಾಯಿ?", "ವು ಏಕ್ ಪುಸ್ತಕ್ ವೋದರೊಚ್ ಕ?", "ಅವನು ಪುಸ್ತಕ ಓದುತ್ತಿದ್ದಾನಾ ?\n", [5]], "952": ["the characteristic elements are traced after detailed study of the narrative song .", "ಕಥಾ ಗೀದೇರ ಅಧ್ಯಯನ ಕರಜೇರ ಪಚ ದೂಸರ್ ದೂಸರ್ ಅಂಶ ನೋ ಧುನ್ದಚ", "ಕಥಾ ಗೀದೇನೂರ ಪ್ರಮುಖ ಅಂಶ ಛ", "ನಿರೂಪಣಾ ಹಾಡಿನ ವಿವರವಾದ ಅಧ್ಯಯನದ ನಂತರ ವಿಶಿಷ್ಟ ಅಂಶಗಳನ್ನು ಕಂಡುಹಿಡಿಯಲಾಗುತ್ತದೆ .\n", [4]], "992": ["we have to take him to the hospital immediately <unk> he is seriously injured !", "ಅಪಣ ವೊನ್ ಜಲ್ದಿ ದವಾಖಾನಿ ನ ಲೇಜಾಣು ವೊನ್ ಘಣ್ ಚೋಟ ಲಾಗಮಲಿಚ.", "ಹಮ್ ಓನ್ ಝಲ್ದಿ ಲೇಜಾಣು.", "ನಾವು ಅವನನ್ನು ತಕ್ಷಣ ಆಸ್ಪತ್ರೆಗೆ ಕರೆದೊಯ್ಯಬೇಕು; ಆತ ಗಂಭೀರವಾಗಿ ಗಾಯಗೊಂಡಿದ್ದಾನೆ !\n", [3]], "688": ["the mother nature laughs with these children .", "ಪ್ರಕೃತಿ ಮಾತಾ ಏ ಬೇಟಿಬೆಟಾನುರ ಜೋಡಿ ಹಾಸಚ", "ಯಾಡಿ ಏ ಛಿಜ್ಯಪರೇರ್ ಜೋಡಿ ಹಾಸೆ ಚ.", "ಪ್ರಕೃತಿ ಮಾತೆ ಈ ಮಕ್ಕಳೊಂದಿಗೆ ನಗುತ್ತಾಳೆ .\n", [2]], "865": ["they worship wonders and marvels of nature .", "ವೊ ಪ್ರಕೃತಿರ ಚಮತ್ಕಾರೇರ ಪೂಜಾ ಕರಚ", "ವೊ ಪ್ರಕೃತಿ ಅನ ಆಶ್ಚರ್ಯ ವೇಚ", "ಅವರು ಪ್ರಕೃತಿಯ ಅದ್ಭುತಗಳು ಮತ್ತು ಅದ್ಭುತಗಳನ್ನು ಪೂಜಿಸುತ್ತಾರೆ .\n", [3]], "713": ["except that here it is not so simple .", "ವೊನ್ ಛೋಡನ್ ಅತ್ ವು ಅತ್ರಾ ಸರಳ್ ಕಾವ.", "ಯೆತ್ ಘಣೋ ಸರಳ್ ಕಾವ.", "ಇಲ್ಲಿ ಹೊರತುಪಡಿಸಿ , ಇದು ಅಷ್ಟು ಸುಲಭವಲ್ಲ .\n", [4]], "192": ["our team is very good .", "ಹಮಾರ್ ಗುಂಪ ಘಣ ಆಚ ಛ.", "ಹಮಾರ್ ತಂಡ ಘಣ ಆಚೊ ಛ.", "ನಮ್ಮ ತಂಡ ತುಂಬಾ ಚೆನ್ನಾಗಿದೆ .\n", [5]], "567": ["i am looking for an old lady .", "ಮ ಏಕ್ ಬುಡ್ ಡೊಕ್ರಿನ ಧುನ್ದರೋಚು.", "ಮ ಜೂನೋ ಧೂನ್ದರೋಚು.", "ನಾನು ವಯಸ್ಸಾದ ಮಹಿಳೆಯನ್ನು ಹುಡುಕುತ್ತಿದ್ದೇನೆ .\n", [3, 1]], "266": ["tiger is an wild animal .", "ಬಾಘ್ ಜಂಗಲಿ ಜಾನ್ವರ್ ಚ", "ಬಾಘ್ ಏಕ ಜಂಗಲಿ ಜಾನ್ವರ್ ಚ", "ಹುಲಿ ಒಂದು ಕಾಡು ಪ್ರಾಣಿ .\n", [5]], "528": ["we do not buy many clothes .", "ಹಮ್ ಘಣ ಸಾಮಾನ್ ಖರೀದಿ ಕರಾನಿ", "ಹಮ್ ಘಣ ಸಾಮಾನ್ ಲಾಮಾನಿ", "ನಾವು ಹೆಚ್ಚು ಬಟ್ಟೆಗಳನ್ನು ಖರೀದಿಸುವುದಿಲ್ಲ .\n", [5]], "826": ["so much were they prized by that vazir .", "ವೊ ವಜಿರೇತಿ ವೂನುನ ಘಣ ಪುರಸ್ಕಾರ ಮಲಮಲೆತೆ", "ವೊ ವೊಂದನೇರ ಘಣ ಪ್ರಾಸಪದನೊ ಮಳೆಚ", "ಆ ವಜೀರನಿಂದ ಅವರು ತುಂಬಾ ಪುರಸ್ಕೃತರಾಗಿದ್ದರು .\n", [3]], "696": ["do not worry we will reach safely .", "ಚಿಂತಿ ಕರೋ ಮತ್ ಹಮ್ ಆರಾಮೇತಿ ಪುಚಾಚಾ.", "ಚಿಂತಿ ಕರೋ ಮತ್.", "ಚಿಂತಿಸಬೇಡಿ , ನಾವು ಸುರಕ್ಷಿತವಾಗಿ ತಲುಪುತ್ತೇವೆ .\n", [3]], "218": ["the plan did not work", "ಯೋಜನೆ ಕಾಮ ಕಿದಿ ಕೋನಿ.", "ಯೋಜನೆ ಕಾಮ ಕಿದೋ ಕೋನಿ.", "ಯೋಜನೆ ಕಾರ್ಯರೂಪಕ್ಕೆ ಬರಲಿಲ್ಲ\n", [3]], "296": ["let him grow let him grow", "ಸೆತ್ತಿನ್ ಲಾರೇರ್ ಚೋರಾ ಸಿಕನೂ ಅನ್ ಸಿಕಾನು", "ವು ಮೋಟೋ ವೇದ", "ಅವನಿಗೆ ಬೆಳೆಯಲು ಅವಕಾಶ ಮಾಡಿಕೊಡಿ\n", [4]], "811": ["math is a place where socio -religious programmes are organised", "ಗಣಿತ ಸಮಾಜೆರ್ ಪರ ಕಾರ್ಯಕ್ರಮ ಆಯೋಜನೆ ಕರೆರ್ ಜಾಗ ಛ.", "ಮಾಚಳಿ ಏಕ ಸಮಾಜೇರ ಸಮಾರೋಹ ಅನ ಧಾರ್ಮಿಕ್ ಸಮಾರಂಭೆ ಚ", "ಗಣಿತವು ಸಾಮಾಜಿಕ-ಪರವಾನಗಿ ಕಾರ್ಯಕ್ರಮಗಳನ್ನು ಆಯೋಜಿಸಿರುವ ಸ್ಥಳವಾಗಿದೆ\n", [1]], "433": ["i love the way you talk .", "ತು ವಾತೆ ಕರೆಚಿ ಜೋಣ ಮನ್ ಪಸಂದ್ ಚ.", "ತು ವಾತೆ ಕರು ಜೋಣ ಮನ್ ಪಸಂದ್ ಚ.", "ನೀನು ಮಾತನಾಡುವ ರೀತಿ ನನಗೆ ಇಷ್ಟ .\n", [5]], "45": ["we saw her yesterday .", "ಹಮ್ ವೊನ ಕಾಲೇನ ದಿಟೆ", "ಹಮ್ ವೊನ್ ಕಾಲ್ ದಿಟೆ", "ನಾವು ನಿನ್ನೆ ಅವಳನ್ನು ನೋಡಿದ್ದೇವೆ .\n", [5]], "361": ["you owe me something .", "ತಾರ್ ಮಾ ಪರ್ ಕಾಂಯಿಕ ಋಣಾ ಚ", "ತು ಮನ್ ಕಾಂಯಿಕ ದೋಚೋ", "ನೀವು ನನಗೆ ಏನಾದರೂ ಋಣಿಯಾಗಿರುತ್ತೀರಿ .\n", [5]], "844": ["the prime ministers son requested the prince to marry her .", "ಮಂತ್ರಿರ ಬೇಟಾ ರಾಜಕುಮಾರೇನ ವೊತಿ ವಾಯಾ ಕರ ಕೇನ ವಿನಂತಿ ಕಿದೋ", "ಮಂತ್ರಿರ ಬೇಟಾ ವೊತಿ ವಾಯಾ ಕರನು ಕೇನ ಕೆ", "ಪ್ರಧಾನ ಮಂತ್ರಿಗಳ ಮಗ ಅವಳನ್ನು ಮದುವೆಯಾಗಲು ರಾಜಕುಮಾರನನ್ನು ವಿನಂತಿಸಿದನು .\n", [4, 4]], "849": ["i jumped from the tree and fell on the ground", "ಮ ಝಾಡೇತಿ ಹೇಟ ಜಮ್ಮಿ ಪರ ಪಡಗೋ", "ಮ ಝಾಡೇಪರತಿ ವಚಕಳನ ಜಮಿ ಪರ ಪಡಗೋ", "ನಾನು ಮರದಿಂದ ಹಾರಿ ನೆಲದ ಮೇಲೆ ಬಿದ್ದೆ\n", [5, 5]], "823": ["if it is violated it is a disgrace .", "ವೊನ ಉಲ್ಲಂಘನ ಕಿದೆ ಕತೋ ಅಪಮಾನ ಕರ ಜು ವಚ", "ವೊನ್ ಏಕ್ ಚೋರ ಚೋರಿ ವಿ ಕತೋ", "ಅದನ್ನು ಉಲ್ಲಂಘಿಸಿದರೆ ಅದು ಅವಮಾನ .\n", [5]], "781": ["this festival is observed with a background of offering worship to sri krishna .", "ಈ ಹಬ್ಬಾ ಶೀಕೃಷ್ಣಾರ ಪೂಜಾ ಕರೆರ ವಾಸ ಕರಚ", "ಯೇ ಹಬ್ಬಾನ ಶ್ರೀಕೃಷ್ಣಾರ ಪೂಜಾರ ವಾಸ ಏ ಹಬ್ಬಾನ ಕರಚ", "ಶ್ರೀಕೃಷ್ಣನಿಗೆ ಪೂಜೆ ಸಲ್ಲಿಸುವ ಹಿನ್ನೆಲೆಯಲ್ಲಿ ಈ ಹಬ್ಬವನ್ನು ಆಚರಿಸಲಾಗುತ್ತದೆ .\n", [5]], "981": ["she takes him to heaven but there she was to chew the dust .", "ಛೋರೀ ಛೋರಾನ ಸ್ವರ್ಗಾನ್ ಲೇ ಜಾವಚ ಅಜಿ ಉ ಧುಳ್ ಖೋದಚ.", "ವು ವೊನ ಸ್ವರ್ಗೆಮ ಲೇಜಾವಚ ಪಣ ವೊನ ವತ ಧೂಡ ಖಾಣು ಪಡಿ", "ಅವಳು ಅವನನ್ನು ಸ್ವರ್ಗಕ್ಕೆ ಕರೆದೊಯ್ಯುತ್ತಾಳೆ ಆದರೆ ಅವಳು ಧೂಳನ್ನು ಅಗಿಯುತ್ತಿದ್ದಳು .\n", [4]], "343": ["no other person entered the room", "ಖೋಲಿಮ ಕೊಯಿ ಜಾಯೇನಿ ಲ", "ಖೋಲಿಮ ಅಜಿ ಏಕ್ ಮಾಣಸ ವೆತ್ತೋ ಕೋನಿ.", "ಮತ್ತೆ ಯಾರೂ ಕೋಣೆಯನ್ನು ಪ್ರವೇಶಿಸಲಿಲ್ಲ\n", [5]], "858": ["i gave the naughty child a good thrashing", "ಮ ಹಟಾ ಕಿದೋ ಜೆ ಛೋರಾ ನ ಮಸ್ತ್ ಮಾರೋಚು", "ಮ ಘಣ್ ಶರಾರತಿ ಪಾಪಾ ದಿನೋ", "ನಾನು ಹಠಮಾರಿ ಮಗುವಿಗೆ ಚೆನ್ನಾಗಿ ಹೊಡೆದೆ\n", [4]], "177": ["this boy has no job .", "ಏ ಛೋರಾನ ಕಾಮ್ ಛೆನಿ", "ಈ ಛೋರಾನ ಕಾಮ್ ಛೆನಿ", "ಈ ಹುಡುಗನಿಗೆ ಕೆಲಸವಿಲ್ಲ  .\n", [5]], "405": ["you bring joy to my life .", "ಮಾರ್ ಜೀವನಾ ಮ ತು ಖುಷಿ ಲಾಯೋಚಿ", "ತು ಮಾರ್ ಜೀವನನ್ ಖುಷಿತಿ ಚಿ", "ನೀವು ನನ್ನ ಜೀವನಕ್ಕೆ ಸಂತೋಷವನ್ನು ತರುತ್ತೀರಿ .\n", [5]], "662": ["you made the same mistake as last time .", "ತು ಲಾರೇರ್ ಸಲಾ ರ ನಾಯಿ ಗಲತ್ ಕಿದೋಚಿ.", "ತಮ್ ಲಾರೇರ್ ಸಲಾಮ್ ತಪ್ಪ್ ಕಿದೆಚೊ", "ನೀವು ಕಳೆದ ಬಾರಿಯಂತೆಯೇ ತಪ್ಪು ಮಾಡಿದ್ದೀರಿ .\n", [4]], "489": ["i have never seen that before .", "ಮ ವೊನ್ ಏರ್ ಆಂಗ್ ಕನ್ನಾಯಿ ದಿಟೋ ಕೊಂತಿ.", "ಮ ಪೆಹಲೆ ಕನ್ನಾಯಿ ದಿಟೋ ಕೊಂತಿ.", "ನಾನು ಹಿಂದೆಂದೂ ನೋಡಿಲ್ಲ .\n", [5]], "427": ["the two brothers demanded their state .", "ದೊಯೀ ಭಾಯಿ ವೂನೂರ ರಾಜ್ಯರ ಮಾಂಗ ಕಿದೆ", "ದೊಯೀ ಭಾಯಿ ವೂನೂರ ರಾಜ್ಯರ ಮಾಂಗ ಕಿದೆ", "ಇಬ್ಬರು ಸಹೋದರರು ತಮ್ಮ ರಾಜ್ಯವನ್ನು ಒತ್ತಾಯಿಸಿದರು .\n", [5]], "349": ["samu is not arguing", "ಸಮು ಬಹಸ್ ಕರರೊಕೊಂತಿ.", "ಸಮು ವಾತೆ ಕರರೊಕೊಂತಿ.", "ಸಮು ವಾದಿಸುತ್ತಿಲ್ಲ\n", [1]], "4": ["do not wait for him", "ವೋರ ವಾಸ ಹುಬರೋ ಮತ.", "ವೋರ ವಾಸ ಹುಬರೋ ಮತ", "ಅವನಿಗಾಗಿ ಕಾಯಬೇಡ\n", [5]], "974": ["they accompanied asaffan carrying his provisions during his raid into the deccan .", "ವೊ ಅಸ್ಫಫ್ನರ್ ಜೋಡಿ ಭಳನ ದಕ್ಕನೆಪರ ದಾಳಿ ಕರ ಜೆ ಸಮಯ ಪರ ನಿಬಂಧನೆ ಲೇಲೇನ ಗೆ", "ವೊ ವೋರ ಘೊಡೆರ ವಾಸ ವೋರ ಆಂತರಿಕ ಮಾಂಗೇನ ಲೇಜಾವಚ", "ಅವರು ಅಸಾಫ್ಫಾನ್‌ನ ಜೊತೆಗೂಡಿ , ಡೆಕ್ಕನ್‌ಗೆ ಅವನ ದಾಳಿಯ ಸಮಯದಲ್ಲಿ ಅವನ ನಿಬಂಧನೆಗಳನ್ನು ಹೊತ್ತೊಯ್ದರು .\n", [2]], "984": ["they achievemental and physical relief by such singing and dancing .", "ಅಸ ಗೀದೆ ಅನ ನೃತ್ಯ ತಿ ವೂನುನ ಉಪಲಬ್ಧಿ ಅನ ಶಾರೀರಿಕ ರಾಹತ್ ಮಳಚ", "ವೊ ಗೀದೆ ಗೀದಗಾವಚ ಅನ ನಾಚೆರೋ ಅರಾಮ್ ಕರಚ", "ಅಂತಹ ಹಾಡುಗಾರಿಕೆ ಮತ್ತು ನೃತ್ಯದಿಂದ ಅವರು ಸಾಧನೆ ಮತ್ತು ದೈಹಿಕ ಪರಿಹಾರವನ್ನು ಪಡೆಯುತ್ತಾರೆ .\n", [4]], "432": ["i found them in the garden .", "ಮ ವೊನ್ ಖೇಥೆಮ್ ಡಿಟೊ ಚು.", "ಮ ವೂನುನ್ ಗಾರ್ಡೆನೇಮ ಮಳೋ.", "ನಾನು ಅವರನ್ನು ತೋಟದಲ್ಲಿ ಕಂಡುಕೊಂಡೆ .\n", [5]], "52": ["i am just saying !", "ಮ ಹನುಜ್ ಕೆರೋಚು.", "ಮ ಅಭಾಲಿ ವಾತೆ ಕರರೊಚು.", "ನಾನು ಸುಮ್ಮನೆ ಹೇಳುತ್ತಿದ್ದೇನೆ !\n", [5]], "623": ["you go first to the hospital .", "ತು ಮದ್ಲೇ ದವಾಖನಿನ್ ಜೋ.", "ತು ಪೆಹಲೆ ಸಲಾ ಸಾಲಿನ್ ಜೋ.", "ನೀನು ಮೊದಲು ಆಸ್ಪತ್ರೆಗೆ ಹೋಗು .\n", [4]], "610": ["it went to the potters house .", "ವು ಕುಂಬಾರೇರ ಘರೇನ ಗೆ", "ವು ಕುಂಬಾರೇರ ಘರೇನ ಗೆ", "ಅದು ಕುಂಬಾರರ ಮನೆಗೆ ಹೋಯಿತು .\n", [4]], "372": ["i am not tired .", "ಮನ್ ಧೇರ್ ಹುಯಿ ಕೊಂತಿ.", "ಮನ್ ಸುಸ್ತ್ ಛೆನಿ.", "ನನಗೆ ಸುಸ್ತಾಗಿಲ್ಲ .\n", [5]], "845": ["it is a prayer for reaching the shore safely .", "ದಂಡಿ ಕ್ಷೇಮೇತಿ ಪೂಚೆರ ವಾಸ ಪ್ರಾರ್ಥನಾ ಚ", "ತಳಾವ ಸುರಕ್ಷೆರ ವಾಸ ಏಕ ಪ್ರಾರ್ಥನಾ ಚ", "ಇದು ಸುರಕ್ಷಿತವಾಗಿ ದಡವನ್ನು ತಲುಪಲು ಪ್ರಾರ್ಥನೆ .\n", [3]], "773": ["the shepherd expressed his inability and withdrew himself .", "ಧನಗರ ವೊನ ಕರೆರ್ ವೇನಿ ಕೆ ಅನ ಹೊಟೋ ಸರಕ್ ಗೋ", "ಧನಗರ ವೊನ ಕರೆರ್ ವೇನಿ ಕೆ ಅನ ದರಗೊ", "ಕುರುಬನು ತನ್ನ ಅಸಾಮರ್ಥ್ಯವನ್ನು ವ್ಯಕ್ತಪಡಿಸಿದನು ಮತ್ತು ಸ್ವತಃ ಹಿಂತೆಗೆದುಕೊಂಡನು .\n", [2]], "139": ["it is never too late .", "ಅಬ್ ಬಿ ತಡಾ ವಿಕೊಂತಿ.", "ಈ ಕನ್ನಾಯಿ ಘಣ್ ತಡಾ ಕರೆನಿ.", "ಇದು ಎಂದಿಗೂ ತಡವಾಗಿಲ್ಲ .\n", [4]], "636": ["did you miss the morning bus ?", "ತಾರ್ ಪರ್ಬಾತೀರ್ ಬಸ್ ಛೂಟಗೀಚ್ ಕ?", "ತಾರ್ ಬಸ್ ಚುಟಗೀಚ್ ಕ?", "ನೀವು ಬೆಳಗಿನ ಬಸ್ಸನ್ನು ತಪ್ಪಿಸಿಕೊಂಡಿದ್ದೀರಾ ?\n", [4]], "400": ["samu likes to eat rice", "ಸಮು ನ ಚಾವಳ್ ಖಾಯೇನ ಪಸಂದ್ ಚ.", "ಸಮು ನ ಚಾವಳ್ ಖಾಯೇನ ಪಸಂದ್ ಚ.", "ಸಾಮು ಅನ್ನ ತಿನ್ನಲು ಇಷ್ಟಪಡುತ್ತದೆ\n", [4]], "437": ["his child coughed all night", "ವೋರೋ ಬೇಟಾ ಸಾರಿ ರಾತ್ ಖಾಸೋಚ", "ವೋರ ಬೇಟಾ ಸಾರಿ ರಾತ ಖಾಟೊ", "ಅವನ ಮಗು ರಾತ್ರಿಯಿಡೀ ಕೆಮ್ಮುತಿತ್ತು\n", [4]], "112": ["take this thing outside", "ಏ ವಿಷಯೇನ ಭಾರ ಲೇಜಾವೋ.", "ಈ ವಿಷಯ ಭಾರ್ ಲೇಜೋ.", "ಈ ವಿಷಯವನ್ನು ಹೊರಗೆ ತೆಗೆದುಕೊಳ್ಳಿ\n", [5]], "32": ["my daughter is here .", "ಮಾರ್ ಬೇಟಿ ಅತ ಚ.", "ಮಾರ್ ಬೇಟಿ ಅತ ಚ.", "ನನ್ನ ಮಗಳು ಇಲ್ಲಿದ್ದಾಳೆ .\n", [5]], "451": ["i wish i could make it .", "ಮ ವೊನ್ ಕರೆರ್ ಬಯಸರೋಚು.", "ಮ ವು ಕರ್ ಸಕುಚು.", "ನಾನು ಅದನ್ನು ಮಾಡಬಹುದೆಂದು ನಾನು ಬಯಸುತ್ತೇನೆ .\n", [5]], "470": ["i take the bus everyday .", "ಮ ದಾಡ್ಡಿ ಬಸ್ಸೆಮ್ ಜಾವುಂಚು.", "ಮ ದಡ್ಡಿ ಬಸ್ ಲುಚು.", "ನಾನು ಪ್ರತಿದಿನ ಬಸ್‌ನಲ್ಲಿ ಹೋಗುತ್ತೇನೆ .\n", [5]], "815": ["the prime minister arranged a test about their authenticity .", "ಪ್ರಧಾನಮಂತ್ರಿ ವೂನೂರ ನಿಯತೇರ ಬಗ್ಗೆ ಏಕ್ ಪರೀಕ್ಷಾ ಕರೆರ್ ವ್ಯವಸ್ಥೆ ಕಿದೋ", "ಮಂತ್ರಿರ ಬಗ್ಗೆ ಪರೀಕ್ಷಾ ರ ಬಗ್ಗೆ ಏಕ ಪರೀಕ್ಷಾ ರ ವ್ಯವಸ್ಥೆ ಕಿದೆ", "ಪ್ರಧಾನ ಮಂತ್ರಿಗಳು ಅವುಗಳ ಸತ್ಯಾಸತ್ಯತೆಯ ಬಗ್ಗೆ ಪರೀಕ್ಷೆಯನ್ನು ಏರ್ಪಡಿಸಿದರು .\n", [5]], "161": ["he is a smart boy .", "ವು ಛೋರಾ ಘಣ್ ಸಾಣೋಚ.", "ವು ಏಕ್ ಸಾಣ ಛೋರಾ ಚ.", "ಅವನೊಬ್ಬ ಬುದ್ಧಿವಂತ ಹುಡುಗ  .\n", [5]]}